objno_deep2,z_pred
12011416,0.5890840692244577
12023279,0.8484058455276572
13017399,1.010175485842658
12008131,0.49674534782221497
12003729,0.5898547761234344
12003313,0.252778860507353
11021040,0.6209542174211548
13020559,0.8528078910996665
14029818,0.7661070484258249
13049159,0.6932750767444488
13026194,1.0798953549897643
13028427,0.7280473330204803
13035570,0.6663142083200743
13018058,0.4069220138093074
12005533,0.65499654338678
12027865,1.2197141060916565
14028737,0.834528065538898
13034892,0.8284112054921944
13058802,0.5450194876033342
13034266,0.7225597241865915
12015933,1.3217746616253856
13019356,0.7661070484258249
13043664,0.6472951966604474
13026703,0.8909865169261704
14034435,0.4250361169246256
11045189,0.4782315448546781
12029430,0.426246571985547
12020460,0.5462673348658937
11051190,0.4989623516380668
12020226,1.1660868917820193
13064313,0.8048100310459182
12029047,0.8550156380406858
13064464,0.6813959752002088
14024652,0.9921886027413883
14012814,0.7661070484258249
14021539,0.7661070484258249
13058710,0.5712338032901013
11027452,0.8276232022785774
13026761,0.8099887928279839
13055360,0.8265354158869508
12024872,0.9330078635025781
12021021,0.7661070484258249
11051962,0.33978831905794404
12027965,0.5087783079890654
13051672,0.7827108798332465
11032750,0.41765681739559135
13055272,0.6744414836892171
11101473,0.7661070484258249
11006363,0.8546633086844688
11034334,0.8687117246829945
11033434,0.4425612594533467
14028987,0.6193275469410403
12004729,0.9986128505120299
14018493,0.5541056241985097
13020183,0.8800653339982402
13010247,1.0544048915845958
13003917,0.7661070484258249
12012294,0.9358723248038571
11051724,0.41994803623863497
13032491,0.6009042490304156
12101115,1.248245547808967
12028825,0.6979111926862395
11040256,0.6330488701178879
14034601,1.0681521363484014
14023103,0.5194724796019335
11015202,0.37753682339131656
14011252,0.6547801585758714
12028457,0.5131440530069044
12007663,0.9725920407069091
14028119,1.1672523858407795
14007176,0.42865301627199826
12025109,0.29327605991198896
14028452,0.7426155241558416
11013937,0.6410929288893064
12017074,0.6849415640605353
14016678,1.114487493839977
14033288,0.4559455494047788
12029045,0.6154508981030825
13026732,0.8693754118196734
13027026,1.074999227276903
13025375,0.7492520808270682
13012069,0.5706564029178248
12007621,0.7250875858559924
12016619,0.7496787005216493
12007683,0.9903418829349735
11045638,1.1506562633222732
13005509,0.35038764012829393
13032755,1.0137997029326682
12003637,1.0249437634674252
12028626,0.823154147857762
12032544,0.2968093506961954
14017935,0.6866391191728858
13040732,0.568826270770362
11044620,0.2163608116699564
13034445,1.0869191900520307
13035996,1.0511493611146872
11051648,0.790568041072579
11046508,0.4232652401304269
12024336,0.9365830708550785
13051230,0.31538571323927417
12009171,0.9116613914835546
12032532,0.753869051695798
11007823,0.2819282504510013
14011560,1.024470151976027
13019862,0.3551971630306877
13026080,0.8668482420938336
13035330,0.3613569914535943
12029226,0.9268036908796584
12012494,0.5255203457434152
14018277,0.41296404614373045
13040940,1.0220438497046638
13034137,0.9255692344860362
12023760,0.3100578865305045
12028365,0.39169786194537004
11033809,1.0358658719981177
11045168,1.050633528987855
12016592,0.5078483741655452
11007873,0.3403760671188751
13063785,0.5985431668148904
13011113,0.49016701766691
14016865,0.6800373018582203
11045186,0.5522906094257269
14034659,0.40943808528297165
12024884,0.8049109638132217
12015938,1.0680084410623398
14011284,0.7076469923319438
11031171,0.28550764915049887
13010923,0.6978815955540473
12008251,1.2027153863025948
13035874,0.9149606764379307
12012513,0.5301298836546935
13003434,0.7295163398906683
14018687,0.6888492901503357
12005419,1.0139003146372507
13049865,0.6289407331052181
12024755,0.8177958437912209
14006846,0.537803847640225
14023227,0.541797697009526
11027394,0.8636470625919986
11033559,0.43439814116313474
14006887,0.3679786450313708
12019713,0.3732915359295173
12019135,0.6577394248606212
13040908,0.5205681494596032
13101049,0.707126160465217
11047070,0.52581964996791
14016263,0.7479156168175931
13020587,0.23330357269453303
12012782,0.5293839984984463
12101118,0.7718398966613087
13020535,0.2813079106879674
12028551,0.768726351574376
14012641,0.9032993988878678
13025271,0.6663888045916408
14006544,0.6152717528122338
13011059,0.7609571975396979
13055576,0.7661070484258249
13025832,0.6665634435108142
12012068,0.6818059984465499
13063861,0.633684350130217
11052736,0.4265591085950043
12012433,0.495342239466382
14022965,0.9980851761654782
11046356,0.7495000149305834
14027841,0.47273004914995054
11014351,1.0495548577100535
14034483,0.38275046602891305
12004443,0.6615777903394615
12025024,1.0998375554733055
13010951,0.6219645473485109
13063832,1.0817251814617632
12024917,0.18476210887730865
11051726,0.934939134693605
13057557,0.6991680812371023
14027397,0.6555990057732125
11044350,0.8184173502459023
12019902,1.149881645951459
11044680,0.7666118945731686
13027445,0.31945514253068674
13017202,0.7258602208065307
12012794,0.6847848392061174
13027139,0.714535423786787
12027358,0.7984777168381683
11040228,0.7382104566389543
11050883,0.7661070484258249
14100756,0.7661070484258249
14007996,0.5549060686888806
12023622,0.7661070484258249
13040065,0.7555242674044199
12100758,1.1631035128024987
12007196,0.6639566811631697
12015118,0.8380690006381033
13016341,0.7349732833425967
13056000,0.5502622500164853
13057505,1.0322915823534533
13003385,0.27260308811896394
11051235,0.5360778475828911
11038382,1.122549566405586
12020279,0.9738426813644346
12025532,0.9125309609301185
13036413,0.3815223191310772
14006178,0.47473875565368423
13034499,0.6395124308628859
11019069,0.9366017509290757
14100805,0.9715135072009228
13100238,0.670992664657016
14039621,0.28565180601561907
12100559,0.9081383747651184
14007400,0.9530949703144047
13059034,0.29819806984461594
12100154,0.46091025827193693
13019398,0.8062728290313786
13033760,1.3258310630942274
12023941,1.2684670584361137
11050775,0.811834980502809
12020615,0.38189889837963564
11040739,0.8487923257979367
14017067,0.7072081366239615
13064937,0.5269509008015802
13035084,1.1584969714498972
12009094,0.3794194769922582
14028799,0.9693773821415247
11031579,0.7661070484258249
13055292,0.6053520718350136
13050924,1.066970556637332
13100756,0.45813123144297535
11014390,0.9790813698749237
13063155,0.7969312200057005
13042393,0.7661070484258249
13018922,1.171323071316472
13062953,0.868766365543364
13057852,0.6333705456392432
14039955,0.628846355542221
11051653,0.8233316018625011
11039583,0.21272297205833657
11020631,0.7802201498256707
12024894,0.2608630784914504
12029588,0.6617817499227848
13051092,0.599887849981787
13009933,0.47217198459732274
13003269,1.0956994008725356
13101295,0.8512196909507167
12016787,0.29725964215631223
14012587,0.7991688072891681
12024580,0.44989552071467753
12016281,0.4843364499960401
11046351,0.8230604033317237
14029107,0.6357970984477065
13056983,1.0748353604983434
13012487,0.7829549745089662
14035145,0.24228315663729683
13004837,0.7661070484258249
13043436,0.9815560963408103
12016347,0.516196692088709
12011961,0.7661070484258249
14035098,1.1519868393315098
13036478,1.2318017263927934
11037772,0.7661070484258249
13032926,0.7643479667366457
12015392,0.8204142378643599
12008827,0.772399999294636
13050172,0.557051764563007
12020308,1.0367524976978744
12027772,0.9002077321631831
13010374,1.1679971739367148
12003792,0.6425121672975542
13018943,0.3613223841078933
12024858,0.4498195092871049
14016974,0.5420293500902607
12028140,0.7505266832983974
12012326,0.45049205287218574
13063956,0.7318023122805176
11021273,0.8817592104925948
11032910,0.82008746374787
11026927,0.5176501258709651
13058766,0.4192378253278895
11026386,1.0371159513459725
13040203,0.7661070484258249
14100370,0.6536834824002486
12008510,0.3039897388746651
12011295,0.5615071984862302
14012797,0.34510058556409384
12005047,0.8842213385428216
13009902,0.6175581512348377
14027189,0.6451452325188206
13026154,0.7661070484258249
13004292,0.33077723564264994
12101094,1.153251017646561
11007848,0.3250245287311454
11047679,0.5224949243571652
13035903,1.1941645708911781
13010896,0.7852043357773089
14006821,0.6689739438087032
11046473,0.6890867762186418
13064139,0.4029752412610469
13024769,0.7460096080001846
11046267,0.8868636833544886
12100759,0.9854454367783586
13042361,0.916994360013721
12009037,0.5640678071619015
12012215,0.3822323590123812
14100096,0.7661070484258249
11031303,0.9021881862266193
13044266,0.6991283374409872
11044182,0.5425157249731514
12011668,0.8092095517298578
13101995,0.5880157557507384
14028429,0.3899110014856789
13049825,0.28715914218873057
13040741,0.3805667711435461
11038273,0.8036322812251903
12020063,0.5054496839596103
11021746,0.7105625534194122
12017388,0.8336506488124966
11026382,0.31184932593608794
12008911,1.108270216872323
13063856,0.49319179745632985
13026542,0.7958777472462365
11051499,0.8843842722894032
12011767,1.1354714336179466
13010099,0.5446770939339026
12003765,0.7332194683360547
13041676,0.21992249229848918
11032358,0.5003954644871895
13010254,1.1905417845544897
12025231,0.17972427863025847
13020230,0.7506264120598272
14016225,0.6519797584923972
12007511,0.8619496346852457
12013238,0.5843305571832178
12015531,0.6190861370392826
12012064,0.44493654289509704
14017982,0.27755350087717523
14023644,1.130247210895746
11039706,0.6371386032192091
13026112,0.36701133334022573
13033731,1.1636797443361395
12016719,0.6379200895205696
14023468,0.4980463224670383
12005125,0.7942810302947811
12019377,0.4560526787107696
12016150,0.7273232827120495
12028046,0.39339344757919237
12012559,1.1496969834425683
14012963,0.8714749666064299
11051533,0.7327273361970024
12009269,1.186950232743571
13051539,0.38403420584982295
12029027,0.5307382312733174
11039432,0.8352405530613817
12027695,0.47069953495373895
12004487,0.43902806986809034
14039135,1.1708174816233528
13027790,0.7589677994773416
13017370,0.43226118393621776
13011979,1.2023542358862405
13004693,0.30757889911758224
13025009,1.1785237731474267
13033864,0.7736790036540281
13034747,0.9138655121968928
13040814,0.3591419879001648
13033966,1.198109608858706
12003869,0.995115381517839
13033885,0.5811589008377124
13009982,1.1824137883253407
12019800,0.8211875719338688
11020734,0.384376944390011
11021075,0.7477343087277832
11046514,0.7661070484258249
14012204,0.6562525204127948
13057879,0.7661070484258249
14034224,0.7661070484258249
13028039,0.9021752882829887
12003664,0.7887026624889835
14016307,0.5921330549437362
13049771,0.9054039009455948
11051167,1.2340720278561073
12029472,0.6341173483904332
11013886,0.42353959668159624
13036008,0.6603246191364176
13018682,0.7977443837591734
13005066,0.5242751947954577
12020127,1.2752883490318332
11020588,0.747069136208139
13041286,0.8372743689273449
13100543,1.0026247347115038
11045209,0.8000400179013264
14033631,0.5556451205006209
12027702,0.49881608130338806
14022469,1.076388197731517
13010199,0.7288426125044661
13016870,1.1800074550890238
13017686,0.5332884900276259
13003318,1.215599402389511
11014349,0.7664831080745442
11026450,0.32580245463799723
13049736,0.692911050989925
11021002,0.6515683099018718
12024928,0.489355257471165
13027875,0.5115219922004499
14034709,0.8153571074571453
11034271,0.8447059456276397
13058765,0.5624086291548984
12018990,0.7970097127299864
13058693,0.5183588461380747
12015966,1.2439922460437758
13033835,0.9464898034813458
14028474,0.39841344642099547
12019745,0.7546849709063664
11015228,0.44984901656999876
14022899,0.4198339731683321
12015949,1.1623640593378146
11027975,0.7759345148063733
14006713,0.5950020903204478
13033172,0.5890359099817256
13051879,1.1185779875466961
13064904,0.3528939458877305
13032467,0.8028495161603842
11041347,0.21703303983208092
12016731,0.4826237404012912
13031815,0.7661070484258249
13048997,0.5659624944987511
11045934,0.7661070484258249
12017194,0.5805376179717698
11039139,0.7153560707168144
13035927,0.7511903632932918
11051236,0.4960879813204026
12020628,0.5017509701742834
12004687,0.8681524941929172
12013234,0.3539705942752835
12015626,1.024053564350146
13024029,0.2576431494954441
14018476,0.6657876145852638
11012940,0.8300331681614478
13020619,0.41486022146400725
11039150,0.6770016373346187
12008513,1.0230116016879902
11038561,0.7682185525895544
14007987,0.5435364054704367
13026538,0.6025567138808015
11051984,0.9224180927807295
12020184,0.7187394559863192
11052755,0.2479847538405016
12024828,0.7661070484258249
11032739,0.249114848966707
14002228,0.9896890021617389
13031821,0.7661070484258249
11045532,0.7437732604668721
11007749,0.878897109065212
11033882,0.39905605293907476
13019247,0.9591229384480484
12024851,0.47916312928798394
11020606,0.8928438487437916
11052341,0.3478751610783415
13013039,0.9829444087139672
13059316,0.29611851482023166
14100807,0.7472654529831189
12028696,0.3692421815331628
13035862,0.7231359945784201
12020179,1.0913139129256801
12011891,0.56970714502843
11026403,0.3901917514969781
11015296,0.5549675330012513
11033012,0.5821696819791139
11008311,0.7158983216995183
13017517,0.7661070484258249
11039902,0.6486103674875577
12028731,0.6390019249338661
13017296,0.5408073834184848
12028331,1.0681037219985454
13032515,0.39355243420657177
12007455,0.6771752718088966
13056258,0.4634390433843403
12024932,0.2160343608605824
11033623,0.7661070484258249
11050989,0.697505355892239
12007472,1.041625471196399
13012163,0.8435034078097472
12015255,0.6769366586253402
13010625,0.5249577558979434
12015814,0.5880620384216296
14100342,0.8077945953533966
13003388,0.8350659337527887
13048969,0.8711748919714736
11046928,0.4500814429369037
12100036,1.2828680909143235
12023700,0.8588673613790061
12008851,0.9131688366722035
13016662,0.7661070484258249
13042073,0.5407702367771442
13003405,1.2606095678155953
14013108,0.43383274607741734
14027644,0.8848378267607099
11041293,1.1201454562962045
14023724,0.49471443305086293
13044269,0.9018544666115765
13024524,0.7349522651757745
11040834,0.37293688445477663
11018870,0.7661070484258249
11007393,0.6185865090376023
11021220,0.4918380261524784
11032831,0.7024548565412064
13056127,0.6126500763068425
13049747,0.77157843231041
12015439,0.8215405758384287
13032344,1.0895934496974027
12015507,1.0310133872084937
13011789,1.1708820161403228
13049598,0.6464762991337804
12016362,0.896625915462354
13049899,0.9722057502257291
13026472,0.8784162218735349
14023658,0.718904447024323
13003400,0.9437056483775779
12024044,0.9001394614977519
11014382,0.7457450573193006
11014235,0.5293491957699729
12008575,0.54588925674316
14033484,0.7407699357523468
11008352,0.7570005957380763
12025269,0.9760400505140386
13033105,0.9481423200778722
12019339,0.9392730316810395
14022415,0.42453688168178566
11026982,0.6848232053497363
14033134,0.786922393943799
13011072,0.7573641704277752
12007424,0.7537914063389983
13010841,0.7902866434544653
12015560,0.5671801747346661
13056079,0.9857227580061532
11101590,0.44773181543266455
11039245,0.39832032850987187
12019186,0.5750914333008372
14027356,0.7591907528317696
13058245,0.7468326827577941
13049570,0.6084492347154031
13024765,0.6825404079927192
13032747,1.0012916747010758
13018541,0.8586981138951209
12003550,0.8611913248420583
12027507,0.8467222267110154
13010561,0.7974436952362378
11032157,0.23088581383466403
11051004,0.5439466941394394
12003986,0.9227368682637882
11021749,0.9292493404597753
13051207,0.5697651471612639
11026460,0.5860689145707408
13003821,0.7181087071734268
11052315,0.5755338867141365
13040189,0.37009727446029256
11051619,0.4449926667272344
13059429,0.8195753449017152
12005453,0.7449839746831814
12020726,0.3670929399143086
13063409,0.3490205359765917
13042383,0.7382608905419432
14034694,0.7629016564054798
12020404,0.7713894458538214
12024843,0.8084833207479406
12015154,0.7206909196507331
14028559,0.6120310981829028
13042347,0.5194292155727973
14011956,0.9921714119422361
13058170,0.7631068810649233
13011794,0.814322872256172
13048177,0.6774443788747578
11021303,0.26250980440569616
13025646,0.38255279714931034
14006211,0.5726814014145254
13010520,1.106084432573518
14023283,0.8669848899670487
14018224,0.7614643922510564
12011520,0.39752666062031605
11038979,0.6780204583915241
12029890,0.39169786194537004
12016312,0.37198620107667096
14033265,0.553441579866535
12005203,0.5084105671754442
11002200,0.23960856738036143
12016351,0.8478270066751777
14034206,0.9822724479284981
13040878,0.9729360334087875
13025520,0.8876929692944187
13041636,0.4789613809670293
12019233,0.49257577686267023
11047477,1.1015323266436796
13012404,0.7829863984607561
13059322,0.6037018342562223
14013732,0.8822455243753298
14001836,0.6567298222663431
13010765,0.9966433277830677
14016642,0.81357021601913
13020598,0.3483233344503309
12024340,0.5283013907488263
12003490,0.5471205194567874
13041589,1.088879395095446
14011077,0.6387097051719918
11051906,0.4876507225225611
14100569,0.7661070484258249
14028497,0.7743667313509466
14028048,0.8470850846300236
12008170,0.44918541171133686
13047725,0.23763886578942325
12012414,0.9677853620874677
11046499,0.6266496653402296
12004116,0.8396294010886486
14022382,0.42425670086603673
12024253,1.1859565474390183
12007934,0.764927529040502
13063321,0.8325818058871517
13020524,1.2281038926319505
13026042,0.9599908312281301
11026861,0.8878542490603315
13033547,0.6808602307428228
14005496,0.7319280200134148
12009337,0.39559028518263506
12009314,0.7661070484258249
13043565,0.4121679587893935
13034634,1.137955378708496
11040794,0.585441275919261
12024004,0.7992146876166276
11051273,0.7661070484258249
12023331,0.3780886932669027
14021930,0.5540948648189781
13032193,0.30866157851655257
14013785,0.5869176684301614
13035249,0.9328432505184545
12011561,0.998276518243362
12016407,0.7295332486018153
13010539,1.0100222946424615
11032667,1.1904790866068158
13033205,0.4463738848936798
14012216,0.369815599503536
12020903,0.9092828903630072
11045907,0.7661070484258249
13003863,0.7252453688897947
13041633,0.7171677218768356
14016774,0.5086266157399213
14017658,0.7969345408736268
14021938,0.5034782932753811
13057447,0.6541297103594595
13027375,1.1868567826211163
13051176,0.9830910238389283
11045723,0.4941466227483596
13101020,0.8573178314354862
12101421,0.7661070484258249
13058241,0.5771895194499498
13027930,0.4621332023473165
12005326,0.9760700394282108
13043083,0.8061306835385622
11037849,0.4998720700869551
13018986,0.8868641013712556
12003740,0.6100540068399793
13009817,0.3342392672437273
13036568,1.1980216629990252
12019983,1.1644308614590841
13025410,0.560494317064901
14039983,0.5734361212959326
13042412,0.7661070484258249
11032508,0.7150370858172163
12012065,0.9968446084298977
13063490,0.43698280898162717
14024221,0.2369148258435158
13010991,0.8234552220602632
11051456,0.7984746077600304
11020672,0.8409563572958486
14100566,0.6414046633494114
13055074,1.0717627496546422
12017092,1.0414634672119512
12024409,1.0238710234531085
12020984,0.5134186711972146
13058800,0.4073874596071435
14034152,0.38203485776904833
13010107,1.1106316544866417
14012143,0.6642804807795616
12012170,0.6788347226796622
12005063,0.6636096061274529
11021284,0.6057828061687996
11039610,0.3046228567853473
11040153,0.6266264307567827
11045655,0.808745450055191
13050238,0.23767252049091359
13017849,0.1848595360997135
13009718,0.5612224274605133
13019294,0.7851289019174922
13018673,0.48858124569550526
12021367,0.7901237829602284
12015681,0.7731261410368586
13059430,1.0498430351545283
12012425,1.1750150978351168
11026246,1.0621071099278123
13003612,0.6047378277132237
11013638,0.7767426420942027
11031881,0.6272551415171997
11007598,0.7211769364798937
12012218,0.7194149067211545
13033207,0.3241451347394353
12008715,0.9324764500415865
13059362,0.24947036274894732
11032332,0.8029153849741756
13050287,1.0423550588360846
12004417,0.5106590470546744
12020728,0.7661070484258249
13058822,0.6408299618867301
11034074,0.862954234394002
13003141,0.9372906499712574
11027545,0.7530348817756535
11047036,0.2765104294953208
12016993,0.44730269189097766
13003874,0.6899659092780438
12012167,0.7661070484258249
14022769,0.7732927519826132
14006545,0.7106881485178306
13042722,0.7661070484258249
12029182,0.3292470027193003
12020346,0.5818919850938934
12024459,0.9136357463917134
12012031,0.8099061834299174
14012864,0.6390105750649478
12019627,1.006181365964144
13018616,0.5374051518027951
12021344,0.8227906523243463
13010509,0.7010505664204492
13101170,0.9513292395149464
12016224,0.54198297336845
12010897,1.2425480627002767
12019476,0.5355583342663963
12009152,0.7791701529573793
11040071,0.7779783674252965
14100329,0.6217878929725653
14028097,0.5355588319276785
13033517,0.39562213259179074
13063753,0.7411538539798177
13004372,1.2684670584361137
12027512,1.1270200801040429
12101131,1.2261803294310891
14039520,0.9235641723688903
13063099,1.0136565318457182
14006168,0.9332238637874632
13063594,0.8138365533329195
13033927,0.7336339885722237
11050699,0.8195262449303038
11052102,0.5743972702893606
13012401,1.1290394560461383
11026682,0.5474144992055507
14100307,0.5336015695402392
11031998,0.915176608477375
13019070,0.767247466768653
14016819,0.4918253258686348
14017053,0.9940683610992546
13055236,0.6547045771511134
13019090,1.0656068468772033
12024189,0.24574792401465348
12007868,0.35304570063869
14022599,0.7853177918591259
13050489,0.6823397470485664
13025471,0.4156741013373166
14007118,0.32705390168171206
13003096,0.42121957106687
12016968,0.45228110856766573
12008562,0.8249182989750741
12012205,0.9196757560998167
12024956,0.7661070484258249
12011463,0.7273222981466705
13043396,0.7264458486262952
13033209,1.216063784602329
14033011,0.6430708946427512
11034314,0.7661070484258249
14006783,0.5942578377407933
13040217,1.1748816416238828
11027767,0.7661070484258249
13003731,1.1561490640784424
13019463,0.6894923214092289
12016659,1.0606092356102124
11046444,1.0406646643448472
13026561,0.5844112326272087
12008005,0.9180418298494868
13063584,0.1799642813683826
11030927,0.852577487808479
13012099,0.463194338352049
11044540,0.49583406007100495
14028101,0.587383978465702
13012362,0.7999912910275121
11026038,0.9579321101074694
11051146,0.6776730357307597
11052435,0.5471226033950652
13064457,0.6402374191181641
12028801,1.0116403255844393
13003362,0.47810918553357773
12024822,0.3998009614190806
11013240,1.128447432417928
12020928,0.6285851181589829
14016435,0.943592497044837
13058168,0.7661070484258249
13049357,0.6795096607629847
11007845,0.29925151298514263
13012347,0.708743375464226
12007512,0.7088723350391367
11032123,0.5525435010053033
11025663,0.8814188982275954
13058748,0.5367875166065568
14100108,0.6182622909631817
11027927,0.5925073028807304
12027520,0.8475447846731178
13043501,0.45508066048258033
12025220,0.7661070484258249
11047092,0.5411137514203962
13027485,0.6963864927501827
13012000,1.1114865248707897
11028086,0.9300498378175871
12020913,0.7661070484258249
11052466,0.964137925558165
12016880,0.9450119498357548
12101293,0.7661070484258249
13043507,0.8979822344411601
13036564,0.9153061471605468
12027454,0.39169015873491514
11051934,0.5480932109210896
13042715,0.254575109798647
14033660,1.051256069603109
13057521,0.9735570323006797
12025039,0.954915084015111
11040763,1.1096564548326897
12008464,1.1593966943241054
13025833,0.8258311790132201
12011955,0.662993220834332
13027427,1.0743243428986697
13027281,0.902399639503386
13056628,0.6430512829952012
11052576,0.4873449856047705
12020425,0.34651918189750597
11100374,0.7543907204996299
11037816,0.7642337953785312
12023914,0.9392676087151235
13051183,0.96019186906853
13058297,1.0108285483067998
11052294,1.0322132979210388
13033104,0.7793481408197461
11008329,0.6872266172808943
11021773,0.7426613479296934
13050474,0.926589914498552
11012985,0.3180381879697742
14007682,1.1524056400184062
13051869,0.5661018958360456
13041554,0.612439060888066
12025417,0.6958115690756836
11020482,1.1061082018506336
12010920,1.2015201945683007
14027566,0.5030190875827545
11039881,0.7313284586762405
13043718,0.7694915235213
13033035,0.7181589430364145
13012392,0.41495229580351045
13021141,0.8011478096522526
11044664,1.0277081277421458
13056822,0.9383936241072636
13049178,0.6610720330966462
13050352,0.7019084012136017
11038571,0.9491147592919357
14012838,0.6913074493234367
14018310,0.5487443651656259
13025674,0.6957399333578409
12003927,0.7775113117651762
14023705,0.7137578426541145
11026348,0.7308695250973888
12007906,0.43243847727664086
13010404,0.6577054901346521
13003595,0.617421679120133
11021771,0.3041078228815424
12021446,0.8453007732262027
12008622,0.7661070484258249
14017529,0.7024691613558258
12012313,0.6474270893635844
11013893,0.3642997196264752
13050886,0.9124071489710979
12011483,0.49628970612697
11022326,0.9898835301433435
12021357,1.253927386894449
13049885,0.4915492054778116
14012084,0.9840161799861762
11028367,0.531471362709495
14021422,0.6787746818265198
12004864,1.261157220172946
14016679,0.6423747525326885
12019248,0.7499635338121858
13043720,0.38616393683315275
13033093,0.7672051269298922
14007156,0.2844490278042969
13025995,1.0553065793284835
14100268,0.6223246636997273
14028513,0.27181742336313053
13027630,1.1231370562082563
13041591,0.6027920113830854
12011927,1.2660833849186508
12016524,1.088235015669112
12008515,0.5459783111118844
13040789,1.1497709638904758
13043535,0.7982222784135555
12004848,0.5084830170848313
14012388,0.8665619909717428
13025443,0.7661070484258249
13051218,0.6931363202804994
11034385,0.5257663752493333
12029293,0.9734164642863994
11038526,0.5788861116191047
12028425,0.5270745013227985
14023101,0.7116128599544341
11037962,0.7661070484258249
13019123,0.4001029333862731
13064852,0.6077578316842037
13055266,0.478919217462664
13048210,0.8106225421063444
13040136,0.605589746864458
11046480,1.021042398830558
14007392,0.5890239522800903
13004268,0.6813118041179911
13010919,0.7804706021911629
12025577,0.7251617325580187
12015980,0.8858561187654376
12020493,0.7723861310744357
13033177,0.7168464588713337
12003894,0.6354770832639776
13034516,0.7378773407418372
12027331,1.1538562793929095
13032433,0.18672922890112417
13048303,0.8736435161691013
14027864,0.4533948297313628
14027414,0.6919166317561993
13018527,0.40340089575147237
12021033,1.1161708046024919
13034655,-0.03420712835784718
14017027,0.5078253090319286
11044311,0.7757689685053798
13041658,0.6535475656393139
12012297,0.5669946708296129
13051197,0.31538321990660184
12023343,0.8185543728460589
12012439,0.9794757863554451
14017438,1.131036073835568
11027000,0.561662469483746
13017974,0.7208565014690492
13064888,0.500185019642053
13011931,0.8855876258037002
12025287,0.6927991727803902
14022420,1.0190534156339992
14027309,0.48814993085294023
12009206,0.8771393895910371
12012333,0.8339937240733813
12016585,0.9171148819103284
13027743,0.6972105614105658
13050930,0.9560880352927075
12024014,1.2450553166355318
13049853,0.7889407909707096
13009613,0.19110070180678412
13043393,1.112678059697656
11020232,0.611312847260919
11052077,0.4968894352075536
13050348,0.694644833091357
13018388,0.35750895285346534
11051794,0.7918965382348097
13025574,0.9508431701205092
12024912,1.0850770912037666
13010525,0.5578753928861592
11045551,0.43726392516069407
13064634,0.88288502609729
11025850,1.0104174836171476
13057425,0.7233483991009997
12027607,0.9812450272638282
13027082,0.9906042935679944
12028272,0.6990330084297255
14022946,0.47722820869764826
13056850,0.3243098521121582
13049221,1.1750471462756515
11044658,1.2343504710659425
12008115,0.8830053806316817
12008130,1.2099446560936369
13042944,0.6506733789055381
13024761,0.7661070484258249
12023686,1.2054631284848958
13032333,0.8372985961872035
13011894,0.7238569248971535
11044961,0.48921573562369064
14017985,0.28795202111424023
13051222,0.48533358989137537
14012303,0.3771907956364186
12008181,0.2662032864247215
11020634,0.7627759395665459
14016667,0.7586234336152456
14016423,0.6405175097550915
11021283,0.9933069312017833
13011635,0.7661070484258249
14028042,0.9486398217579982
11021110,0.7115393034462222
12015853,0.9423388043077273
13027156,0.43781614814476966
14022288,1.1197345587627976
13058235,0.7268038664212626
13004049,0.7032396943267082
12003564,0.6697154694921081
13019144,1.039749373114214
13063375,0.856397209374281
13049076,0.755176913095772
13009864,0.4711745907515811
13017980,1.0853113439277833
13042661,1.0839352968658016
12011708,0.8711187422534933
11026188,0.5258012290780854
13057842,0.8038996432124791
11013278,0.7790749829176743
13010507,0.34021631230721827
13017307,1.095610549463753
13027296,0.7678346402838495
12024833,0.680705853783361
14006214,0.6867498635454142
12027928,0.7204871273335874
14022785,1.0032062192541618
13056845,0.6395394555455972
13040682,0.8906581078303993
13003846,0.34885656883539934
12008111,0.8303784991159076
13003513,0.9377107881251506
12028158,0.550269525269872
13035134,0.7661070484258249
14039519,0.6696707711721221
12024464,0.601240892882943
12020174,0.983611821597146
12012387,1.1299600252760962
13064332,0.6219586767051141
12024995,0.7661070484258249
11039110,0.4584567920469726
13100787,0.714728457952146
12013237,0.4280960993668223
12024904,0.4036549637130199
11027535,0.6880455581879079
11046506,0.68698661656597
12019628,0.5478594637924147
13033182,0.3545936422165678
14007001,0.4988964032321424
14026940,0.6958720181624538
13058803,0.6636305071117631
12024976,0.24063423713584686
12017440,0.7652315752005338
13026192,0.2117882568391488
14012385,0.4830960172548426
12012284,1.095051398085371
13019526,0.5052898940446369
14007136,0.442138723499852
11033307,0.7643688180582657
14016850,0.5918871158771296
12015891,0.7284557675876895
13049168,0.6557921919997011
13003784,0.23685387067515254
13058226,0.7642290135743758
12000814,0.2770496534358145
12019661,0.6534080606609035
11019779,0.8409373983544144
11014209,0.41892392951005547
11033162,0.7931647595373001
14029284,0.921319708759816
13051086,1.1812315064893404
11021620,0.9075611619839936
14005521,0.8285964161761761
13100318,0.7241084661615484
12004760,1.0041233735941704
14038835,0.5161171116292463
11045244,0.41660621388319014
11033276,1.0272111609716457
12004204,0.6847432181358852
13017237,0.8244331395844933
11047551,0.9440460627208535
11044639,0.42795519407031174
13063488,0.6474516378720427
12028454,0.768978675572692
12100569,1.0242102796205912
11045834,0.45412379442029815
13041503,0.6332541793065622
13048559,0.3720031013227545
12027874,0.7558298941638306
12023345,0.8129525567423815
12009697,0.4987455081828899
14016841,1.0600356241589495
13058154,0.659278689408757
13057694,1.0502633879692793
14033797,0.4473103191088101
14029798,0.7661070484258249
13033596,1.1741367170078922
12100924,0.5909173962148448
13027980,1.0028197864501136
13033248,0.7461947651117011
13036010,0.7712159408683988
13026082,0.6771900295789384
13043497,1.0256050911908956
12017078,0.9755614471220102
12028431,0.6224684021621286
11025709,0.41060038889884864
14039805,0.622256911691484
12020416,0.7567045663205895
14022337,0.8756116153202079
11051996,0.7842023617039193
12023646,1.0143153559991422
12020031,0.8420582163798022
14022270,0.3923587737188952
12007776,0.7780290117197404
13027290,0.6243489323073182
12012349,0.32104619764975745
11033176,0.447178148619106
12018980,0.38084465388920735
13033754,0.7663780950912588
12019873,1.1804569595520709
12024114,0.6038505182823092
11020707,0.8094300629313652
11040154,0.9631302561102718
11045402,0.445651979716034
13005268,0.4550779884853462
13024653,0.36299441320999176
11038670,0.9818921478473787
12015594,0.5019904375028801
13064310,1.0337236087839152
13043733,1.0514226574645396
12007529,1.2223233318408504
12027875,0.48227843035162615
13017993,0.2785233964677758
11033173,0.8816006067940405
14023564,0.6820584379263903
12021205,0.5944515007486616
11038304,0.7383328389044697
12025291,0.7278863663945654
13035532,0.6144442271972219
13058547,0.6014745675487605
11020104,0.8239369826215125
12028348,1.201236546326844
12019517,1.0950897966772994
14023046,0.6487075618723573
11025640,0.4117606616571977
12024199,0.7779679994366788
12023514,0.722677569437703
11046423,0.37241843895638593
13025807,0.9275695298586809
13047911,0.2993604981648783
11043820,0.9262039914300031
13004520,1.026958716418236
12020476,0.7333591521793935
11044247,0.7661070484258249
13040852,0.5147749530004921
14008400,0.4278177532101667
14012268,0.7661070484258249
12027970,0.7323199889699542
11041385,0.47196767864039857
14039902,0.6213718438358534
13013001,0.9522864211620986
13025974,0.8732186830632154
11041195,0.28457171205340653
12015657,0.7661070484258249
11013340,0.8852173815803086
12004444,0.8477278371792043
13013014,1.1514292264656327
14028557,0.6917138717703105
14029014,0.4007583492815698
13056635,0.7072417358687755
14101280,0.4571083179588017
11026463,0.17843700898583612
13064306,0.06031127097815954
13027677,0.6589342135619675
14033803,0.5361576114790557
12020008,0.8117870303092891
13035877,0.8829089299956021
14002600,0.8237062325993305
12020896,0.7242631879396931
12016650,0.9621635741580082
13026201,0.5188379020445812
14039133,0.9673709459338747
14012604,0.736206920591798
13009559,1.3152095903801104
12017117,0.5725226894335436
12013428,0.8751662278296065
14018960,0.7165853828626121
14100336,0.8952516361895724
13017614,1.0478931315056699
13017300,0.6355070709534477
12016754,0.30001131157266003
13058483,0.8475470523864091
13059312,0.35173675073262234
12004233,1.0394080788254054
14012706,0.9036710327376009
11033781,0.493941314940193
12011899,0.4207891779677786
14011789,0.6663259087210869
13033123,0.36483763126868146
12007448,0.895395500006711
12003610,0.6179365322236464
12029109,0.4498684876694702
14012371,0.5867423892337879
11020784,1.1272142843461315
13058191,0.7442777904758403
12012526,0.6444442810138337
12024607,0.9191243664079791
13036012,0.37017748888731583
13027149,0.8835361731974912
13009268,0.8764048389670945
14002078,0.666168732187784
12004801,0.2286500611561515
12019547,0.4091491671532886
14013559,0.2859650586897274
11013234,1.163955113676397
11044623,1.0223861080953536
12020737,0.38160926921366056
14016962,0.6971462784575917
14027610,0.2514879520522875
12028966,0.9849046251911256
13055063,0.5710034703765181
13028641,0.6193343676098928
12028702,0.5932114344512246
11012894,0.7661070484258249
13027468,0.7768291241178082
11022133,0.7470244287040638
12024210,0.9461831566545409
12008531,0.8829435902941875
13051127,0.493971033680416
14028890,1.118599621789044
13042280,0.7516940078703659
13039912,0.85271028926833
12019772,0.822761470825425
12027967,1.0233106771563873
11021407,0.5019463978190861
11007865,0.770438688466099
13033198,0.5269568105492833
11027915,1.0655044645975171
11013688,0.6013252080573265
13043608,0.6755777629674369
12007820,0.8957128038883658
14022856,0.4377390310127679
11101318,0.8137285890881121
12021110,0.7566227246453618
12020708,0.6215331031677858
13063423,0.6219350969569984
13042258,0.39336211299655444
12025565,0.45487942346819815
11032447,0.8699074047929913
14012868,0.6827519328630264
11026732,0.7338732207733296
12007258,0.3357133442865258
13035629,0.850317074233147
12021032,0.2360310957340134
12015731,0.9586231125643425
14016930,0.726211323777691
12024611,1.0531686854820446
13048610,1.011083797895697
12011816,1.03309191099405
13012994,0.732711494406217
13024715,0.7406376854377815
12004068,0.8517129000612642
12024293,0.5509666510904107
12029338,1.1941613012022676
12028550,0.39273748950159854
12027423,0.906339631316329
12020811,0.7661070484258249
13018111,0.7754032894647029
13004323,0.2158649965124381
14011850,0.45251376992977194
11007308,0.38084738010935537
11033342,0.7621329862189081
13056112,0.6806119319596373
13040948,0.8094540024124437
11039792,0.7661070484258249
13017221,0.5578420625318042
12025645,0.7764678153408713
13017915,1.0625595633840106
13004072,1.1226882316151672
11044584,0.7357787790177389
13032340,0.9726057679848722
13025323,1.171961800912542
13016818,0.6885663425910769
12028193,0.9115861665551406
13032654,1.0404746355393912
12024672,0.8849416372602078
14005902,0.6565464801513677
11044655,0.8029639667887264
11027553,0.4318251713176441
13003010,0.6580081862359115
12008336,1.0168527033708623
13056091,0.7704916399914765
12020434,0.7899840735729833
12019731,0.870425194645425
11052570,0.9961728526316229
12016427,0.7166300350088495
12024147,0.916019963167601
11051509,1.0963997474895244
13044265,0.5812185377468249
11046197,0.7867557023124183
13025881,1.1373675155048306
12027518,0.7999719879987942
13057569,0.39147998306463394
12024728,1.2054364063455085
13056826,0.4601368318932824
13031982,1.3121169728579354
12012249,0.7432801414834355
13049555,1.1108864928832913
14012815,0.7661070484258249
13049796,0.39029057817742335
12021468,0.6847988788596567
12008878,0.9639939527998783
11014542,0.7252770766800468
13048525,0.27428705416631827
11101139,0.9061743103755053
13040107,0.8794838260411958
11033345,0.7634496812010675
13020996,0.48837438506716735
13002716,0.8636593434610167
13043478,0.7641855031807696
11039536,0.259582474508449
12004292,1.0825384556263091
11044897,0.7742741872181135
11044878,0.8101324249792622
13005316,0.29405830949151096
14017491,0.8943950628010942
12015625,0.4098742942450718
11101335,0.38642347575770514
12015482,0.5802452378955483
11045108,0.756965660673132
13020261,0.37791531548948487
14039648,1.0388554314243754
14005779,0.7661070484258249
11051521,1.1663724022056976
11028276,1.0835414626193671
13040848,1.182216109057115
14006194,1.027952038641783
12023246,0.5848395160705696
11039124,0.4133314312334562
12028924,0.8945267476357145
12016665,0.5993058225894661
11045167,0.3285972080640726
13012219,0.774886122821564
12025403,0.748123515959735
13028136,0.6237740095923238
13035737,0.698435289937228
12017430,0.8813848561931661
13101448,0.6627212207661521
14016820,0.6397185360982542
11018918,0.5714677991991021
11046500,0.49139984891018884
11039108,0.35085780561455143
12032006,0.7661070484258249
12008243,0.7500730665862652
12008309,1.0082979134138628
12012355,0.7235019008520199
13016879,0.9200265768357931
13004683,1.0179676162621667
13016171,0.9812154726380313
13004889,1.0941162893861167
13023777,0.6841539987243374
13035195,0.5331440487597618
14013661,0.6827512046152142
11014676,0.4798732349618364
13004316,0.7476961469383367
12008155,0.7886318479019226
13028068,0.6586424974403261
13058479,1.1422256917211373
11051461,0.5311927251654023
12023871,0.8625518278508595
13011101,1.2370813023063598
14013325,0.7821441335925992
11041170,0.5213488985203636
13027839,0.7083261036214159
14016702,0.7661070484258249
12020004,0.5296482948599726
14012738,0.9682507450539708
13042259,0.6703356978293785
13004260,0.9453192268840099
12016962,0.58645943220551
14006543,0.9825906411463311
12019671,0.6802981970181715
11013287,0.6787079264937029
13027348,0.7176308577954621
11052779,0.9906411505188367
12029480,0.7237262846799988
11047606,0.5311048765808666
13017068,1.1283270165289714
12016325,0.7006034143927384
12020169,0.9697998896739831
12100548,0.785731300456061
12013181,0.9675450681734195
12019883,0.479068376758884
13028434,0.5915651507839804
13011737,0.6541232521319726
12008988,0.7947954208596589
13033932,0.5329074277943352
12023772,0.7661070484258249
11038552,0.5314002722218698
11019182,0.5572007039071453
13049214,0.9274053818157021
11015320,0.782531560406022
13003564,0.7726326516776943
13025483,0.3241451347394353
14018860,1.1010572217763124
12003757,0.9213590067653707
11038492,0.8419435460516425
13035199,0.7339019134301301
13010400,1.0350278158592883
11027446,0.6699952721028606
12020710,0.8245330027871305
13018665,1.0791723677633989
13048455,0.548460259831886
12015816,0.9214731833122908
12004370,0.599496782607865
12019868,0.9696987961022927
14019049,1.087547267488348
13049286,0.7661070484258249
14022939,0.29053827138649574
14017044,0.9605981543738912
11044557,1.2028030879408855
13017836,0.7775481376569919
14017913,0.6748757427318679
12025170,0.9520437160181446
12013224,0.855577650821594
11002256,0.3639001243549967
12028190,0.7874678901875218
13018045,0.2903584081395681
11033330,0.7548373017283715
11032253,0.6554761896987152
13003319,0.9377625420548009
13026169,0.7942088909029502
13025387,1.0763321301636346
12003862,0.6324147226414921
13035978,0.6912552559877033
12012146,0.3990174260656916
13024482,0.7263517827552227
12016984,0.8404676663805882
11038319,0.7891327380099773
12027794,0.6574357648760341
14016629,0.6261935847740752
13101154,0.7925364140924276
11019461,0.9880797720920887
13003852,0.8149429364890302
11046694,0.5483604098833477
12013180,0.5209420355967284
11002247,0.37005988473136814
12007831,1.0462069463489816
13048411,0.5806300976896255
13009896,1.1402610842792134
13032450,1.1055833997755224
13004302,0.45847392976410256
11046772,0.9372801717456065
12009674,0.31614424620684883
11052009,0.43880271734920645
11026433,0.6531221013526258
14006209,0.727700309535002
12017276,0.7321696542405587
11025275,0.5643054537845793
13012221,0.41723975275163366
13003214,0.7203138757441898
12024053,0.7552315350611732
13012391,1.0216577422041004
13035231,0.7211293677309363
13056668,0.43077791658054804
12007565,0.271446982727803
12021352,0.8069477664229815
12023698,0.7346243573661052
14017213,1.0174713178381305
11046438,0.7778790538489012
11026991,0.593506308617234
11040123,1.127221391221031
12020315,0.3420333532257853
12028114,0.45071348061847627
13035147,0.5036665105741996
11052027,0.19742794878385073
12011573,0.9469070318986788
14028512,0.9140713717215267
14012020,1.1408765697502474
12016720,0.3147231648234028
11047439,0.3257991141786664
13016659,0.7661070484258249
11007277,1.07900011664278
13004688,0.4628097234989531
13033029,1.099931839350609
11037958,0.7661070484258249
14029315,0.7023878116080988
11046498,0.8284112054921944
13048540,0.5837321100897899
14038842,0.8864516295857231
11044199,1.1875750532514988
12028980,0.7438661935754721
14028762,0.5522902591241722
11045441,0.7663780950912588
11052943,0.49745586938364483
13010510,0.5073913225883291
11047464,0.9486119666215387
14017696,0.7661070484258249
13011603,0.379990595234901
13018886,1.033280932136941
12019660,0.4985446927222625
12016505,0.7295879432685464
13056832,0.2000194335226019
12021078,1.174633688068068
11021804,0.8219310967319872
12019194,0.569090786065813
13035073,1.0852828707120188
13010836,0.7490688045212666
13017846,1.0774501185901817
11027370,0.6367836191209306
12019600,0.6646399975070175
11038945,0.7643999484619436
13049828,0.7492365296910042
11014868,0.8282925211839063
12019943,0.6429561351666503
12011415,0.20516128307467957
14012779,0.4326859609569265
14012340,0.2691691057553424
12011427,0.9548379885158984
12017269,0.7449763703848327
11020047,0.7661070484258249
13023984,0.525542197985586
13026378,0.66205047016848
14016592,0.3845126235774667
12008761,0.811598816440401
13005014,1.1142023248451458
13009961,0.20989502505719054
13012272,0.7194482151259532
14022816,0.8325510456687268
14016791,0.30622321231143496
14012905,0.7661070484258249
11002281,0.6533350421630586
13028041,1.1468972770944943
13049068,1.152144506828059
13101675,0.7661070484258249
12028618,0.782169917343217
12015800,1.2182160332511414
11026207,1.0581754883048347
14013253,0.6095706968497674
12004505,1.0942626727839537
13100704,0.7508595973200438
14023328,0.635559587918162
13005464,1.2475651674438442
12013467,0.3270321102476377
11025306,0.2760107986472635
11014809,0.5336726626927222
12004781,0.9137363284153224
12028593,0.7810958012040653
14022460,0.19089767892994244
12015620,0.7171285775655727
11013065,0.6209526979399282
12001180,0.7661070484258249
13059404,1.154563339384929
12012441,0.3409748253691823
14039366,0.4027986985603815
13004318,0.8811625625424259
12015942,0.7576703883723636
12004706,1.2214584392548626
13019114,1.0743511667194074
13049728,0.7226299930716892
11101416,1.2169649056762561
12011506,0.5513592111250443
12025133,0.7202374060472234
13025446,1.1477923561735985
12017303,0.9309836381466527
13032684,1.1119047309552363
13057544,0.9547950160939459
14013260,1.1490875908510694
12012019,0.3580491817475536
11038518,1.0908085997730812
14008397,0.6337042629396399
13017002,0.7885715451118205
11101425,0.4769689884594284
13012830,0.8258296933841169
13034454,0.9178074481979235
13026030,0.5775198674595534
13010928,0.4979592291713362
14013086,0.46271233570949283
12009233,0.8180166450769711
13032390,0.3667968568023636
13055472,0.687091715029266
11025784,0.5563286057905075
13040527,0.4968894352075536
14101234,0.7904722488994473
12017060,0.532333813107251
12011817,0.15563635782499985
12016986,0.8980111639128828
11037854,0.30340803496798613
11027740,0.7406336383112649
13019736,0.6513727113783495
13036053,0.7661070484258249
14017081,0.596387060247507
12016667,0.8835877220439329
13018004,0.7034666135066808
12024255,0.5261240918087906
11044281,0.8659780522541372
13041499,0.5443601790376812
12028389,0.7733792401838535
13028116,0.5120753936480458
13063186,0.18977037031716296
12027978,0.36569559303249244
11033744,1.0482189476534942
12019181,0.7747699054244828
13016893,0.9707739808759347
11039428,0.48686675690870423
14028673,1.134861846373616
11033836,0.4682627328334427
12007162,0.7767234079042274
13004538,0.8384546717316513
11052399,0.8315233805967959
12028439,0.8216511764125368
11045847,0.3386350363891899
13041296,1.1199441036551807
12004410,0.4593253716167019
13003309,0.6991583436234624
12004138,0.700242993657118
13004232,1.1260915301205257
13034869,0.4279297621720469
14018972,0.570781814065193
13003265,0.7012732657021031
12028507,0.7661070484258249
13051868,0.272646898608613
13040149,0.6115828577424772
11020349,1.0527981915528888
14022302,0.7661070484258249
11020226,0.8581483797175666
13034773,1.2039106088883227
13003421,0.9835228572462363
12012116,0.8781104645139141
12027371,1.0971580358150754
14028115,0.5058844949695432
12027504,1.1710066931733072
11007824,1.0864800783760953
13009969,1.046826954568615
13017390,0.44663317787915624
13004649,0.7384703671287765
13051253,0.4789613809670293
12020388,0.7106289368287497
12012807,0.7725705961556297
12023629,1.1661648683789905
12011861,0.8268163878950878
13017931,0.7176600003396816
11047030,0.2873689742710078
12007439,0.5296482948599726
13011654,0.6485722313762041
13042851,0.8000113219841795
12012390,0.8875182631979777
11100937,0.7149737815487773
12004787,0.30097855152520625
13025787,0.7454449407362995
13004659,0.8092659867441231
13034041,0.9096558970203172
13016570,0.9530676021418036
11051650,0.3226005042340631
11013758,1.0766882031505174
13040208,0.7661070484258249
11047076,0.4667533399974525
12100200,1.1485478755720284
14022925,0.42087937109758894
13010941,1.1054428616956788
11046747,0.4259723869123796
14012600,0.8647958767630207
13019907,0.6973552978802949
13033821,0.5344635660230705
13010291,0.6734137622954357
13036186,0.6235883515274196
12019361,0.5762743803858854
13032792,0.3193906994495327
13009715,0.7426227354206955
14018472,0.7661070484258249
14018168,0.7661070484258249
12012159,0.49031217536984406
14028287,0.6118103801156006
12024380,0.6719783723201057
12025584,0.6317388190011237
12007972,0.8675734098317065
14039131,1.0361590644680923
13043666,0.7306202834524285
11045099,0.7350053118770189
12024773,0.2662032864247215
13020600,0.36031659637766594
13063674,0.7973056790150267
12008898,0.932269959638114
14022408,0.6091559136668734
13031558,0.4786065194331615
14034462,0.2766949175834035
14023137,0.9469346183966846
11038482,0.9018008592915259
13020615,0.5439466941394394
13064855,0.3971719745108344
12028324,0.527712811469515
11025407,0.8001662255718202
14006539,0.33483252572848377
14018805,0.6092033134527831
12008597,0.890214823582974
12011729,0.8062573623824703
12020116,0.4887911997966607
13051113,0.6837814814397286
12004792,0.39572540401295764
13041768,0.8357839806635902
14010726,0.6293182010896995
13033964,0.5771901623846334
13002732,0.8256753056368588
13035234,1.1361826903081975
13025280,0.6410408631658675
11052685,0.5013509998207243
11045988,0.5687251783122094
12007856,0.4740493918970668
11100610,1.043256478026801
11052331,1.1952518946031807
13024718,0.3925651348120208
13021229,0.7726279486863545
11045681,0.8459499183456909
13058812,1.0971689435152407
11052012,0.35854001302117916
11047600,0.4453129147361338
12029432,1.2702105629252838
13064340,0.6120937389359392
13004913,0.7535608692728032
14023510,0.5879931247760929
14017531,0.5596901983598834
12023689,1.2349527119635704
11041001,1.1332813184875055
13012411,0.8658312156253952
13033662,0.7058551017903913
11046415,0.5416206583307626
13010240,0.7815488535020874
12025476,0.8614582712330328
12029209,0.8964851286272179
13048606,0.4406672510965328
13040870,0.49357272570106586
13017965,1.025298095060879
14022864,0.9418853747700148
13051825,0.35887264227217136
11052494,0.5875534257267481
14017817,0.4198740326151262
12013082,0.26904965168664596
14024658,1.0964164984896367
13040903,0.6566654823164074
12019697,0.26850524360408046
14023783,0.7694651886739399
11032026,0.8943483343602462
12027910,0.48230116405475665
13004189,0.5255463808112044
13027498,0.5654817652024305
12101297,0.6807194588787908
11037515,0.8284112054921944
14024599,0.6713328899554444
14033814,0.20368714348462005
14022393,0.23687683976877272
14028929,0.8586973637212373
13041561,0.4639213591043203
14034263,0.7878175758621335
13024721,0.9759852617574566
13050576,0.6940821389036784
11014257,0.7522074969862423
13026132,1.155420347039309
12024815,0.38362186232697554
12028086,0.523013616730415
12025023,0.8343078614750874
11100983,0.6166455139665254
12025510,1.13930617855907
12003455,0.9279465852604352
13051052,0.2972303601050396
11052023,0.23503985058868385
14100565,0.9667576407429843
14008656,0.5640288707250452
12024834,0.9763760326994243
12012821,0.6487123919094122
13018524,0.6024627730627217
13026110,0.6272898875472112
12020663,0.5079205772842271
11020203,0.5625942254478437
12020767,0.4751905040541331
14016944,0.7785915168140786
12005363,0.6736060618141692
14013191,1.0506957495433054
12015914,1.0606010282430762
13041175,0.8887588699602151
11052420,0.592002001732144
14012742,0.3690906906625659
12005148,0.5631998328369012
13032138,1.0231747098682153
14006203,0.6221885105880983
13033959,1.0016335578664464
13017695,0.8469736804018703
11021726,0.9643536110912129
13009856,1.0602093724068054
12011342,0.9430571930387487
11101610,0.7661070484258249
13101627,0.8199407387446507
11040838,0.6801895857811088
14016585,0.5074150284319038
12028791,0.6578250826814273
12027936,0.9693788101829458
14022225,0.4433912500142782
12020354,0.7062991536569982
12023196,0.4817155941453666
14028430,0.7660066898658765
13101043,0.6585216600530749
13055903,0.6740214277838464
11101259,0.9137353129574086
13034969,0.5214247755842737
13026857,0.43344349172165003
13044235,0.39004556088794606
13010303,0.7547939649929115
13025915,0.7637158784173725
13024676,0.500014194470576
13017301,0.6996677678259686
13016602,0.43781614814476966
13049864,1.1283654505322858
13027932,0.5062866396821218
13035238,0.5781222492418893
13016972,0.7661070484258249
12009144,0.9785893857830658
13010860,1.1622132814376256
14034280,0.4920778726859046
11033862,0.5835786043769309
12019429,0.7648064475070693
11041126,0.8014421699108933
11051594,0.9118988721174436
13026202,0.48564613692129627
11034319,0.9020620527824352
13063112,0.3888876334601919
12012501,0.2472460495689101
13033121,0.8012154096190652
11033297,0.5920602581532556
12008269,0.3473175526006807
11047003,0.6067700074168025
13049222,0.8048162252541737
13057760,0.6418306762517532
13003411,1.1120375989863476
13063194,0.7394865795466966
13064274,0.6677116879656041
12025187,0.9425116261072206
12015920,0.7190493052371528
14101252,0.7661070484258249
11026350,0.6305108319441008
13012291,0.9472782289504509
13027528,0.4980132465030883
12009081,1.067582723725013
13027460,0.9781180734893752
12011836,0.8567357791315228
14039102,0.9164127113935508
12011990,1.1795112964630037
12007749,1.0964163104343059
12100748,0.8902566049822845
13042237,1.0017469838802495
13056057,0.8322268153369462
14100553,0.7661070484258249
12011621,1.1647886934321359
11013743,0.9935881536189206
11020659,0.7774730845880451
13027938,1.1569634645315336
13041525,1.0067181269344656
13024811,0.4420231058658845
11025822,0.5880356750674769
11014367,0.9622929534454576
12015812,0.7316299330710425
12004350,0.4817994066318544
13043729,0.8331428421088136
11044373,0.6722195980423488
12007526,0.443433776609468
11039469,0.3206949224286964
13017924,0.554581970740017
12004646,0.48186217885129395
12011790,0.6873387003627275
12009052,1.247121627544166
11045756,0.5938283953950987
11051300,0.71828371421912
13010729,1.1562315019874922
12021463,0.28084758681287886
11021238,0.9098251891494628
12023891,0.2526348870717222
11013961,0.7661070484258249
14027011,0.6117533320887224
12012361,1.0071727888013633
13024669,0.7299847181491819
13049862,0.7661070484258249
13050552,0.5692808896975042
12029414,0.3054261347452263
11013649,0.8480081247786542
12019472,0.585017487782399
12028754,1.0161266181621231
13017372,0.8284319790802729
13033678,0.7448656163350945
14017963,1.1065832705419607
13011115,1.2654947279938888
11052334,0.7479681533594805
13003756,0.6726103500279815
13018063,1.212881876845395
11044533,0.37859123592251276
11034292,0.8571578475213906
14011303,1.1476377382131182
14017795,0.5787023891315001
12025457,0.7371674077715031
13026019,0.8833575318983349
11034356,0.6776076627804996
13036129,0.8852605534739525
11025983,0.38446632481188314
13012356,0.6111702202244543
12029378,1.2098145369600268
13010675,0.9558554189457495
12032590,0.8424546078968671
13059462,0.3230166841639971
13101174,0.7661070484258249
12019954,0.6675362241283662
14023173,0.711504354210239
13036619,0.27701742294530485
12015592,0.7661070484258249
14028619,0.9283886258474455
12016904,0.8553077423430849
11006731,1.0108285483067998
13018296,0.5038374921010033
12028456,0.5983107063263472
12012106,0.9739913601756957
12019715,1.2474372736742358
13055233,0.341348208484793
11026739,1.121274003054618
12019921,0.6209752970330876
14034009,0.829729746775588
12029343,0.3619583632523295
13050398,0.44988494031584986
13064865,0.7084622304591724
13033994,0.7661070484258249
12016959,0.3969722492563961
13056198,0.6709168222450294
13018120,0.7117702576210222
12021093,0.31914731083597836
12016198,0.4261437425711135
11033069,0.3706658705940888
13025741,0.7941581564133939
14011061,0.8790104097629571
14026759,0.5853475566964905
13004590,1.1064560301382416
13011640,0.25725265130338176
11039092,0.5802453019921578
12019904,0.3542259768855352
13048612,1.1676530999455006
12028674,0.5215610899228348
13025131,0.7428364790103397
12005193,0.8310235395956608
12005173,0.655737710857441
11033892,0.7782984833706943
12008211,0.7715646145698076
13003337,0.612581290580823
11002207,0.6231970529389399
13019162,0.8202495170981855
13026181,0.6212557961649632
13056911,0.301075545521028
13019096,0.7484851027327126
14028970,0.7215441234695373
13026827,0.4636241589310239
12024929,0.4139410578649262
11013276,0.8484471673652408
11052702,0.4156634399654646
13048583,0.2855514652504158
12013218,0.30399886802929427
11028591,0.40853271279312536
13100755,1.1569634645315336
11041341,0.49261407296481735
12023651,0.9550704163439948
12025222,0.29729303068031654
14007569,1.0217124355871117
14011260,0.8862996178305985
11019388,0.4453923376075615
14012855,0.6814538469913323
11039736,1.0145921080240001
13028097,0.7464841752644796
13051152,0.49455807649834815
14033256,0.30087102770742286
13035573,0.6438167605153906
13063689,0.5623932148291857
12008997,0.9558899672987389
12007870,1.1012751645456862
13055650,0.6838627882708659
13019185,0.807312535352248
13019636,0.7661070484258249
13050968,0.7453530032040482
12025188,0.3680710222040399
12005109,0.9301216636748638
13020317,1.2112888212410111
13028761,0.3702476525950673
14011245,1.0646324138545746
12007875,0.7699119974707145
13010649,1.0563651445104794
12008421,0.7661070484258249
12013147,0.2722157969097444
12005182,0.6339002616353672
13020560,0.6740326801172124
11018967,0.8993528442134747
11045057,0.8453165757300833
12100146,0.7661070484258249
13026079,0.9469710715205496
11047628,0.3887765463408133
14017548,0.5752102528182452
12015873,0.8538692894222831
13034352,0.7661070484258249
13005085,0.6521596265962011
12029426,0.8474283264194062
13010528,0.6133960291482952
14011648,1.0617900697071856
13024686,0.6807705586261763
11037681,0.40859670585180846
11038469,0.4328361564368803
11032659,0.9648402784325645
14006813,0.9545080403681728
11044437,0.47022346031387335
12024170,1.0622849359211628
11033314,0.7475371095230394
13024907,0.8514816741493697
13027336,0.807267958176026
12016780,0.6152759236936656
11050863,0.3066642863510244
13020753,0.6829337681648106
12019834,0.8401790713044615
13049313,0.9091677362331684
11033576,0.8586198076084695
12004492,0.5555146872700645
12028148,1.1174913898206358
13011176,0.3419925018981618
13013054,0.629867266609812
11014326,0.4575237436473012
13043047,0.5474962462055472
14022902,0.3735753178770358
11046489,0.44104621995052484
13036560,0.6681804957940405
13056012,0.6376674522937366
11013760,0.6294178421919999
11033416,0.7293177993608064
13033481,0.3200090355216878
12019218,1.1706364617584046
14018540,0.8444373028670353
12012413,1.0534642952361912
13101734,0.628078979527855
13035017,0.5230700721593006
13043084,0.5845775619104198
12009154,0.8295199752785419
13018506,0.6045902981867324
12027802,0.7454231196686077
11013857,0.32378400264608725
12025227,0.5409667644438536
11025265,1.0582129851450401
11045499,0.7328864026747713
13017967,0.5898234825710466
12003338,0.5249649638458014
12027781,0.8372985961872035
13020467,0.7854751377397464
11045855,0.31002615976835246
12004175,0.43361143180206946
13032796,0.37111558167866365
11044018,0.5388358710182447
14012194,0.6954065325299263
13041160,0.49584509750664457
14028550,1.038708897643092
12011523,0.31112087142145434
14011839,0.3136613756722136
13058752,0.6318826754389902
14005538,0.6768659593938198
14012279,0.6826494445529324
13004702,0.3767044803130873
12031934,0.891417849339528
12004493,0.5936569097414192
13003192,0.8599744451680834
12100752,0.6516736214060439
12007608,0.8423081185357506
13002959,0.9029889628156748
12013511,0.7343152819466414
13043612,0.18186843320460375
13042810,0.7661070484258249
11045160,0.9226411511471947
13020526,0.615973061590542
13025237,0.7140107992483161
13035149,0.562169073215213
13034663,0.6445062577650919
11020881,1.082027642330298
12016971,0.8780617408261381
12019333,1.096081933763668
13042162,0.8242060611671348
13048474,0.48170648246312187
13042896,0.33401088163926584
11047021,0.7820972137246882
13018634,0.6585818662224843
14017622,0.7661070484258249
13057432,0.4161052915557434
12020465,0.9274235353045276
12009012,1.0639485613409545
13003326,0.7633464940076788
12004223,0.4236017411085144
13005172,0.7409824240787207
12100760,0.7661070484258249
13050890,0.793868521889297
11021207,0.7621329862189081
11044361,0.8568256238635035
12023872,1.2770548907958639
14007500,0.6907748077271099
13063198,0.5293149171919048
12029487,0.7528496317058104
11047304,1.0774219523860982
13027450,0.6300633171416407
13048452,0.6607667021938324
12011693,0.7725786321236221
13012088,1.2198262847008108
14013812,0.9387316748304391
13019308,1.253949424801193
14017744,0.7633498785971629
14012727,0.5412849610974664
12015526,0.4048876571749525
14034187,0.5488962447179941
12009521,0.27082534823509347
12029296,0.6908120002567109
14027302,0.6592870446849945
13063470,0.5526292985321297
11050704,0.9190594208818442
12011719,0.5280281281343897
11044595,1.0146880018701248
12024126,0.36819924732715353
13032311,0.42642964552072343
11026334,0.8026556675047652
13051240,0.9734356277218639
11034097,0.8483356136349532
12016700,0.7598869286244562
12027987,0.992179935715054
13100781,0.6966902795056106
12021391,0.7941555170110999
11015363,0.48547019002838027
14013220,0.788285082896893
13017902,0.6280038952565262
14034700,1.1338252776755249
14005667,0.7568374748570321
12019899,0.8995756116967208
14011885,0.7661070484258249
13018695,0.49121107835621725
11034278,0.5749443769970468
13005322,0.973118634792604
12016793,0.29494226349584646
12027847,1.174234666182272
13035069,0.688511728486642
12009034,0.801655368167167
13063183,0.9353512128953873
11046372,0.9186919961568388
13018604,0.5794544009384562
13043987,1.0603641846683476
14028069,0.9143177828070734
12015167,0.3495824332765344
13009925,0.3392429437529656
14012347,0.8097210153361023
12019393,1.0827440088279052
11021269,0.5467730197767546
13033225,0.7387010840866963
14018019,0.7112931488522303
13012579,0.7673452965835674
11038649,0.349770990189089
12009454,0.6100740788839167
14028760,0.6176225963866343
13004282,0.9889196649932204
14027104,0.5435843920183311
12029116,0.6655781673644716
13032924,0.5330021481971894
14022359,1.1205629060595101
12012154,0.719065990054757
11038434,0.7230526702817912
12024806,0.6842977318617602
13049169,0.4525840902564314
12008332,0.5282005356485743
12025616,0.21649479136617733
13025511,0.4438431929130038
14100835,0.5845395912798961
12016603,0.6469984939784102
12019521,1.0055483351583616
11051057,0.9541348236683844
13026668,0.7313045892079183
11101134,0.45326620950723984
12016370,0.965790295577448
13048604,0.9136039627267017
13003741,0.6667405095717341
13056261,0.8396709452080637
14013554,0.8857988045211925
11044614,0.2595123127573256
11051260,0.6117341966690365
12007255,1.1974502716791486
13057822,0.5728606648682601
11039587,0.6585467399055119
12004674,0.4039909253945778
13051799,0.374707038568274
13011127,0.936787305343832
14039585,0.6330361397522762
14016503,0.6997186271073612
12009251,0.6402646014450131
13012958,0.35049219044105473
12025264,0.3003002028442745
12005138,0.34878032720114277
13010357,1.1433495626039165
13035561,0.625495976089718
13033432,0.7932172266485087
11052229,0.6165280720644626
12015574,1.1380980417841253
11039129,0.44450107912133285
14023432,0.5980528773175638
14006259,0.3584571167248209
13036660,0.3625893273496148
13032160,0.4047872691773247
13016880,0.6917410620027918
13043052,0.18421036828266205
12008317,1.2397973588160798
13049323,0.6426003240535352
14022969,0.7221527998478277
12012627,1.1389816031201918
12008473,0.7469485402198455
13003378,0.3910790743393679
12025210,0.7452176138807808
12028047,0.6887420382621876
11045739,0.9664455109839997
14033292,0.4972406927410635
11039913,0.7260494504945675
14011294,0.8414456089231082
11051266,1.0707956427713399
13025169,0.7590314568231304
12023761,1.1223988427934877
13048597,0.4686150250155183
12021105,0.13127150206099905
13059427,0.567392777571357
13063830,0.7264458971835602
12028932,0.517843391743039
14101487,0.5851131750296151
13051213,0.7816176101835799
13049601,0.7665200857010195
11044750,0.7661070484258249
12004146,0.21999005638350982
12019702,0.5009679798488388
12015628,1.1336843769267824
12009486,0.9371985211349623
13056184,0.6805903481395882
12028049,0.7661070484258249
12018979,0.48642143740306815
13003693,0.9721511740059736
13027503,0.689707705939204
13026503,0.8847079457127667
12017745,0.635368033784852
13051026,1.0663433663385302
12029040,0.30392628729300186
13020136,1.1129694886667205
11013363,0.4420963289384016
12015904,0.390776869242865
13019524,0.7661070484258249
13042590,0.4609782847961445
14018415,0.6187527128655593
13100090,1.0711837459904983
11020839,0.7078108150713702
14100978,0.7643920125135654
11019205,0.4562442962269335
13026743,0.7492685335911229
14018495,0.6522170179708484
12007950,0.3926773592146246
12003429,0.369854720583831
12008201,1.1093867517243714
12013186,0.626817526954366
11032130,0.44723736335157677
12028360,0.4829219741130154
13050326,0.8393770744220813
13018667,0.35940855227390917
12024005,0.318865801442029
12004044,0.8895506761658689
13032498,0.3186268997415883
13012334,1.2322202774593956
14029473,0.6501602508104714
12003625,0.324481107763372
13009812,0.5507919239562291
12016356,1.0634085615071964
12016649,0.5748688304459982
11031315,0.9056362363678033
12003865,0.8014513782827046
11040219,0.25973991238722816
13010430,1.2755803346289858
13035263,0.49963967613141075
12005168,0.5297970141854077
11045656,0.4969004247194003
13024800,0.590662475942275
13100525,0.5124436663192972
13012406,0.5882702092236446
13048099,1.1187107872933681
13048478,0.4004145409408603
12032736,0.9359431716570026
13057287,0.758820018208077
13025744,0.6117496426974036
12019633,0.32960626193021575
13027508,0.8939887550761579
14017427,1.0830342623122182
12023713,0.37740150966857255
12023743,0.49539527984248455
11014896,0.2521500327255644
13028050,0.7402493244966581
11031393,0.7580202132630097
13005457,0.8459618760021598
11013856,0.5030851798133449
12005521,0.7552417945382754
11045689,0.8011000791001482
13040909,0.8409494175368417
13018286,0.8178123375954139
14021336,0.9848309381036021
13026843,0.21602370314410607
11014416,0.47119247049503843
13027798,0.3666306702433455
13019314,0.410543797149021
13017428,0.7661070484258249
12003392,0.6676592832861286
12008720,1.0038742922301729
14027650,0.44336512507074116
12011486,0.7898755483872664
14028548,0.3254597269871434
12027666,0.6700353285166707
12011368,0.7848905168733675
13002718,0.7343910436867224
14033854,0.7553580618893052
12004449,0.5374033874237658
11027563,0.6183482103339497
14022921,0.6484828258056063
11007771,1.0804524578158718
14039127,0.4699088658690378
12011889,0.8069528468397383
13050923,0.3185305600829128
14007522,0.5632714407694506
12015802,0.7665124703134996
12017319,1.241079255888474
14100518,0.6867316875123022
13025142,0.7855818991553083
14028553,0.5484477085927004
13057791,0.6698045472096525
14028802,0.8121590995733459
11026914,0.6708343885372701
13027941,0.9554070530781811
12004835,0.8299900835900784
13003715,0.4178353895545077
12015970,0.738128499927607
14100816,0.3809946769657058
11100748,0.6052802948832233
13040205,0.6913094982481331
11008366,0.23585007152539406
13101415,0.48297637798040427
13011214,1.119775740711568
13020455,0.7678346402838495
12015563,1.2003082728449799
14017405,0.8878388887125557
14016611,1.1695683648514281
12021377,0.667432517192454
13012371,0.21833242261462063
12025662,0.6528485373137459
13017342,0.8436384536434249
13017380,0.3421451165571696
13042327,0.3227831462006795
12029071,0.7661070484258249
13028523,0.7622174254395465
12003554,0.7664621683419888
13048633,0.5618123308139754
12024870,0.9338628359417916
13020564,0.5226246365316841
11032767,0.8413751961693837
11051187,0.471725791437909
12100149,0.9878543053826534
14022960,0.9494790145094382
12008582,0.947655212391569
12008750,0.7363386290109304
11033364,0.613252386999944
12007641,0.31002615976835246
14008472,0.4417959995912338
12007808,0.5870023474309594
12003831,1.1846341723353602
13042858,0.7621540070402146
11034887,0.3447365813943426
13005442,0.39707740146035364
11025028,0.4486185032708409
13017182,0.9948797609909774
12007993,0.8354393285207865
13011368,1.0460459054710771
14007172,0.681205446077629
13011189,0.738689286251972
13043704,0.9746532650658839
12025569,0.729533291277379
11044047,0.5202460586959511
13056838,0.6292287722830076
13024751,0.7259330066105371
13043761,0.7661070484258249
13043013,0.9281769549446841
14034832,1.1020483783853423
12025527,0.8499054716198828
12008831,0.9302976997234774
11013888,0.4488359020950961
12024028,0.8020031741121602
12028295,0.8284112054921944
14006709,0.6537646063724015
11045899,0.5261217951722382
12024767,1.1912602497091669
14033155,0.4684576987132733
12008186,0.8142126292247511
12009054,0.8986498528636271
13010080,0.5639715144419535
12015544,1.2346828273830417
11019729,0.7227694494999953
12028576,0.3995526649641574
12024067,0.3930570125642363
12024796,0.9519301297779942
13035603,0.6142397194119641
12007668,0.9980622137600809
14002285,0.6617753649419456
11039101,1.0506289111152105
11046352,0.9964686354234323
11020504,0.9217782970523365
14006119,0.8656296113980618
14028083,0.5223218859058254
12023715,1.1465451245423943
11044948,0.6165742956090488
12015165,0.3791684286552209
13035338,0.7661070484258249
12025041,0.6513947487971585
13048886,0.7857339396332353
13041522,0.5975380197133626
13005500,0.9767013725186755
12023991,0.7503077454656407
13057527,0.2678220702810745
13011658,0.4144766086038588
13049069,0.7328457568200891
13056799,0.7269459427896156
13033800,0.7261809643041512
11028507,1.1485439817650858
12029132,0.39775132421261433
11100749,0.7332198504466201
11033255,0.5887131068821043
13049125,0.7959194730540707
13034500,0.79985234902146
12012781,0.8081406499360237
13009932,0.8677848745700447
14017504,0.6070116525227334
11046121,0.48457526164969167
12013038,0.7063199072848874
11101121,0.5761705475977263
14024096,0.6323021620430389
12004408,1.0298311123384793
12004799,0.9618688842279387
12027647,0.4585263519386461
13011457,0.7954793256796238
14033858,0.59382446954102
11046262,0.8431353067445327
12013073,1.0077651029320778
13026422,1.107204316130058
12028026,0.4607829020696581
12020272,0.7315883573901307
13003976,0.7021207318655428
13005406,1.110813030843244
13010278,0.5101855002446244
13058811,1.1341603049271551
11026281,1.158641863647269
11045563,1.1352487664806443
11040848,0.48531939616402825
12016025,0.690420307267654
13017410,0.7661070484258249
11046809,0.7956525199042801
12004788,0.7223967813576573
12019651,0.3100578865305045
13032949,1.1998941858567518
13101219,0.912588880317191
13032465,0.2435694698611691
11019640,1.168585621776348
11047201,0.5246095668641211
11052071,0.8337878092704134
14027032,0.6551684374047657
13003834,1.0615019798206446
13057459,1.0776500778507132
13058604,0.4310879061877249
12013343,0.3963227692146245
13034442,0.40513999862898786
13039548,0.7661070484258249
12008681,0.7687693604393397
12023285,0.3999006520242944
11039169,0.7608381717443938
13003694,0.5275585683680283
12017015,0.48194915724229437
12029074,0.7281235857896613
13010843,0.934720346563931
12024452,0.3731921930965422
13056557,0.9184564910368316
11021760,0.9613351350994396
14018422,0.6370748379830483
13048384,0.5107016588681123
12029337,0.43067700792693786
12100258,0.973384416120875
14039598,0.32554986447483186
11051343,0.5817739208380719
13010706,0.3948192707624716
13003396,0.80464523940435
11014591,0.8732777545563257
14021305,0.5874370739958912
14013852,0.461222577875465
12028878,0.750244052635787
12100577,0.7238228356060676
12004490,0.6461543814648744
14033766,0.5903532290606598
11021785,0.6187116198482502
12027497,0.9029849710651526
14034319,0.7523848887106986
14021965,0.6398489481516177
11051470,0.5300131723807967
12028804,0.45079019244973695
11050680,0.6477668113653958
13032443,0.8150657057092245
13063573,0.7661070484258249
13027902,0.544279468671662
12025485,0.8953456113521694
14034672,1.0534214744346444
13034862,0.442182072392327
13026106,1.2490637767875308
11047490,0.9333500617648446
13034874,0.7159849092167829
14006205,0.6445334533804683
11027903,0.46390167934828297
13040220,0.733042088819517
14101260,1.0184072387097851
11002292,0.26810368028563425
12008334,0.4223098271373423
12008478,0.36605621472781213
13025968,1.0559444597928926
12017051,0.45146362340336127
13017917,0.7094100877791917
13010327,0.7429702776050487
13011230,0.7661070484258249
13056893,0.8624859824540716
13024494,0.7529040301132254
12012204,1.2218749535767142
13035556,0.4476833316421822
13050594,0.24527978281243346
11019471,0.771908858768445
13011062,0.29526186806573995
13018173,1.0785604101517032
13018039,0.2915503642370539
13010081,1.2860648144432913
13013013,0.29603118116275146
11041329,0.7045218766571119
11033313,0.5300643365375444
14027496,0.5916924158736155
13004311,1.1031381872586785
13059191,0.7661070484258249
14033927,1.114823694331911
13033928,0.49636310771518993
11025277,0.5796976611422638
13050232,1.1416622957180576
11026948,0.9455931660210583
12015130,0.5786031306611871
13018683,0.7434967477822978
12012378,0.795411578589992
13011617,0.5302889383626834
13059469,0.9055984691582468
13060056,0.5338003156163769
13028625,1.1280637987238893
11045261,0.777808171524988
11040069,0.7868420040742429
12012131,0.9132329399008949
12020219,1.0601729022376007
14023501,1.0560954024581581
13051784,1.0605761193832868
13004914,0.9654374743870571
13026566,0.7661070484258249
13018929,0.7838860801174201
13048465,0.8026287019085006
13011971,0.2109380860260448
14023285,0.8526706516122147
13025912,0.803773009486848
13028742,0.2975204239373344
12027236,1.181890381459046
11033356,1.0073022696970295
13017930,0.5577375583778419
13009636,1.0690561732828077
14006647,0.6891035291914173
13026804,1.0627232646349158
11026310,1.0900178470231154
13040230,0.33141432715710273
11039891,0.48702410068705493
14012356,0.6806242213843837
14008386,1.0950980278835685
11041312,1.1441353199067383
11038521,0.8020881157562272
14028527,0.25990588136925763
11050805,0.725944326253145
11020165,1.0531673033348763
11039661,0.6621702866280582
14006252,1.0378521717297597
11038453,0.7442993994113803
13033904,1.0256399413954211
14012326,0.43781614814476966
12020447,1.050098139204776
12007525,1.131571370082715
11028073,0.4430033018033302
11037782,0.8802209727293917
12028981,0.8859492193319715
12003678,0.9826240029715858
14034669,0.9410072639276735
12019436,1.1250482271268682
12024045,0.2797767398989659
13049088,0.7536415715206535
13048616,0.44332640482570285
13010508,1.1374253308917996
13042375,0.7661070484258249
13025514,0.5315835199923089
14017048,0.6129464680967327
13043703,0.3638134553144687
12009177,1.272815043781307
12007371,0.7095255635797199
11013358,0.3271373433007775
13049851,0.2250105724467682
13042987,0.8356943434460794
13010544,0.8146840511356875
13005173,0.9335137200878801
12020298,0.6594319498893213
12024591,0.6932419498470541
11045095,1.2592391736317663
13024725,0.893313786333596
11027778,0.7989774342088473
12011728,0.6995827894187527
12029102,1.1966075759175507
14028567,0.2978902233129818
11044481,0.74802239615503
13064767,0.6445254584402437
11032059,0.47884524478257906
11027714,0.9380408959897258
11027502,0.7058809779852578
11050732,0.8221032052230253
13012329,1.153781407831608
11052669,0.6167655914508632
12024716,0.8092402293409346
12008658,0.3246179721439631
12016361,0.37022914635403864
13019945,0.44153616852939903
12027557,0.4461135113812091
12029092,0.8504575637189902
12003562,0.6709503207777777
12024047,0.2609651417792887
14028947,0.5921730642615654
12008225,0.9109469724239433
13034651,0.7408033821328551
13025884,0.6395471336243689
12024478,0.5118541875886228
13101699,0.7428103838319372
11025564,0.8337333003911398
13064175,0.570781814065193
12008805,0.9444936745022173
14022907,0.03360696713408953
12011419,0.6745509680536514
12021440,0.7154571594468926
12020145,1.1351667708429634
14012787,0.9052598955918276
14016825,0.6583400840225124
12101380,0.6290110987413237
13034584,0.8317228134483078
13041642,0.37017748888731583
13041518,0.5424286095490909
12100393,0.542975038358183
13043019,1.124972958909095
13040569,1.0622521054017864
13035085,0.578557169226525
13043588,0.8125035576397402
12029291,0.4101473099771322
14019226,0.6158487333977928
13032757,0.7045870873261163
13018688,0.9236047360135379
13024597,0.7996228571456943
13011771,0.8876785996993434
12024331,0.8022068992201354
12004402,0.6305593286253729
13039948,0.8103616422679528
13059324,0.8664645739219322
11032620,0.6510609560007847
13035739,0.5895889526757561
13032152,0.5462350266478513
12029488,1.0939287786562013
13101038,0.625403040270475
14023750,1.0404387532734878
13035806,0.5912844945771213
11033328,0.27274835535476155
11008344,1.1125503977876359
12004485,0.6819081544184334
11033298,0.9441173443549419
13035444,0.6049845571570919
13040722,0.7914887016924956
12008126,0.7930350379851984
11046465,0.44139974812224875
14039986,0.5043015590952995
12028238,0.6191164474224442
12019264,0.5548810298784146
13012938,0.7204961829035638
13064756,0.7800045532545
13017170,0.6017173548247048
13040052,0.7899653173945016
11051500,0.7105964397426009
12013349,0.66415921574103
14029410,0.8297339532281733
14018792,0.8124027921412637
14013482,1.0461086723103523
11014303,0.41164512861139235
13050207,0.9985659859532351
12015664,0.4188799720429691
11019953,0.9478946852473441
13019152,0.6747278017624947
12024117,0.5296482948599726
14029582,0.7661070484258249
14013626,0.9426408758417028
12015428,0.7010505664204492
13034604,0.7896620009877978
14012165,0.7661070484258249
14007463,0.608396448065021
13058706,0.7241651180902078
13024828,1.2739426253177857
11031629,0.6771632059782414
12017088,1.1231708279732562
14023357,0.5650168736358179
14008025,0.5048597404290285
14012374,1.1691428359677192
11044564,0.7360939837043226
12015805,0.5462112668667983
11045090,1.0010251617148531
13035908,0.34722504681482513
11026422,0.8271905163668483
11019433,0.6246723008316233
12020124,0.6014369276278269
13058046,0.5419118812151279
12004971,0.5247554402202236
14017886,0.9631671912087021
14006127,0.5014553363576619
12029089,0.5023298941972685
13049605,0.6666277666381674
13042527,1.1693541799727616
14006265,0.6380804437103131
13041681,0.4068425135307977
13047925,0.3521787040636771
14026917,0.5234947392636667
13043682,1.049577674859658
13005313,0.8131598108076015
11013321,0.3823844574022981
13010287,1.238197435321715
13041851,0.7266078049554224
12008945,0.5625299595597695
13003855,0.830507722395167
13100951,0.7182970874402371
13020498,0.7295676195364142
13025209,0.8034070612790783
11052005,0.5218788842430899
14029347,0.6988098431764812
13024401,0.9852256136749533
11021103,0.6988755686281266
11046892,1.1064869400141844
14100863,0.5631934015983573
12004751,0.8814598966081049
12012466,1.2217255444736717
13003387,0.7469742730803746
11050869,1.2213321965664088
13011686,0.5274336744609249
14044225,0.5989837539852297
13031888,0.775406641198119
12015280,0.5424345143423659
12020613,0.9858306288923291
11041146,0.8908311302522747
11027650,0.7598242250969686
12013198,1.309720528860803
13101225,0.6450007327241127
12017053,0.27802307725985415
12008772,0.6528433375548865
14011248,0.24462003817363343
11032438,0.6300307350289377
12011456,0.4361799173379751
11044455,0.979066179266681
12015320,1.0068227015580904
14039660,0.7661070484258249
13019387,0.6168447389208901
14018007,0.3652379524286002
11038194,1.0370913882238049
12003802,0.7084094927934865
13012418,0.4295756193475845
12003853,0.29780700498162804
14011154,0.7060994684972112
11007359,0.7016388286462165
12012733,0.7631068810649233
13050503,0.9219512506417248
13032428,0.33961572453496713
12007823,0.8912202077098621
13048634,0.6031587703779838
12004260,0.8452156827233896
13012101,0.3061381187552225
13055858,0.9134783617007893
11031897,0.7661070484258249
12012670,0.5582318357685452
13020488,0.9573887073932448
13026858,0.3029841489472311
14028501,0.3078756239487048
11047674,0.7661070484258249
11015122,0.6005907975773498
12029048,1.0944456333804482
14028072,0.539278576543041
13003841,0.7164484304393005
14034220,0.6516094933620327
12013460,0.6229788161183331
12024078,0.7246158237544904
13041920,1.1221756646653098
13051882,0.5550420411049605
11032138,0.4010044439524964
13056013,1.0117335819959166
14018887,0.7461027788647272
12019008,0.4655062829349145
12027559,0.5954906690131905
13041650,0.34537204243263914
11034523,1.0498187896651767
13004055,0.34772654418477483
13025547,0.7661070484258249
11026441,0.5966632081537713
13043388,1.0851723416855694
12021276,0.7297609981328769
12028066,0.7519436197282919
11039137,0.7935560043435889
12024143,0.7661070484258249
13032906,0.518855363622118
11026990,0.7550292134957556
12004836,0.2572983547032345
13033098,0.7954909949721897
12020392,0.6166361064069665
13040799,0.9289687613667245
11034962,0.7509707640561735
13013059,0.731290240317532
14010492,0.7661070484258249
14029030,0.283230485290586
13025534,0.26611659312369873
12004411,0.4125300500216614
14022445,0.4962001234744039
12024764,0.2621529207626448
14034225,1.0124730429404978
12012923,0.7661070484258249
12100966,1.0366237160398515
12032040,0.3239830215548306
12020362,0.7207790083401546
13063226,0.7792068814098727
12003752,0.5880413351927222
13033893,0.5170763773798306
13058061,0.6113889211867942
11033646,0.6506855331836808
11051030,0.7470014657791045
13033045,0.4043603005731962
12023305,0.5333309313784127
14023711,0.8618652339019227
11033370,0.44566191077743017
12012777,1.1741125742496654
13017465,0.6216636464754272
13043232,0.7255059510888568
12011452,0.3662171198753748
13002981,0.4551658355473301
11044469,0.5531110730045005
14028402,-0.010379006009588004
12011457,0.35887264227217136
11012871,0.6787380937866809
13028007,0.40183134430364814
12024374,0.8507833062749904
12016057,0.657497534061948
13025092,0.7661070484258249
13033759,0.691644838520298
14007627,0.2113171153888673
11027522,0.41146193099404305
13056688,0.7112322159991793
14012781,0.9188366752651665
13012375,0.5385020498069113
13012776,1.1340265223113892
13025458,0.44770625744357045
14019290,0.9327987641678087
13035861,0.7115514300304351
13048618,0.7661070484258249
11025662,0.44894849500810136
11013457,0.6063904727815796
13012651,0.8416185604040906
13026107,0.41385639236979455
12029644,0.8244333362481387
13017979,0.8158626201267656
12028488,1.256033244486281
13009061,1.0024664325082442
12012829,0.7661070484258249
12016409,0.5963600621176328
13042389,1.1228083187949702
14011822,0.7329566349342983
11053107,0.5426423596729824
13010734,0.8711220656257795
14001833,0.612899848698169
12008086,0.8806625991200963
14016602,0.5999712845016222
14017891,0.9595668530159963
12012260,0.6311364857163474
11052398,0.7215734129599886
11028068,0.49091297520562577
11051625,0.8493070237398612
12027738,0.6880833330680176
12025473,1.2632245319604614
11020704,0.438513090459976
13043020,0.8899339828892627
13020084,0.37452986485466494
14028334,0.571185238589594
14011722,0.4927927774262016
12015987,1.1578330112177357
11045958,1.1704952785357197
14006679,0.7187036001294539
11014287,0.3652516293043776
13055755,0.5281215544467033
13012399,1.111330016755232
14022761,1.0529732919503312
11052119,0.7405617628015609
11032684,0.9659005681148867
12027842,0.46951144050145827
13049203,0.7979973789733101
13036580,0.8347249221410595
14013810,0.6572836902589732
13033710,1.0367965456565524
12025192,0.7003205094039819
11045080,1.2469563215759825
11007476,0.4668459408451285
13064669,0.6872990341238756
14017084,0.27035692315257903
12004206,1.1382019432787944
12012738,1.0253571204681908
13056821,0.5814443559926687
13042178,0.6673343999502225
13034457,1.1155231137248203
11041380,0.21150507676831307
12020630,1.1410607344197605
13049084,1.1581351606523624
12100169,0.4600736279847156
13012957,0.830340640342994
11028406,0.9252552134762123
12025640,1.1052719283988595
12004045,0.6639863609095115
12019545,0.6422559701375727
12024395,0.5239322362951979
14012846,0.3783298121160838
14101233,0.8607220476599492
12016850,1.1749822297000054
12029433,1.174887750659664
13044170,0.5515662703095194
14100104,0.6371221626146444
13021021,0.934845229404593
12100287,1.1436612014899712
12029083,0.49439143940892283
11027139,0.6650781953102878
11040277,0.9464737327014384
11020030,1.0828398894518614
11045728,1.0081356448988243
12029427,0.5837321100897899
13024649,0.7279807755137735
13026881,0.3851834802033375
13043597,0.8257352861761563
11045058,0.8357839806635902
14022957,0.686545430147592
13044317,0.6601087507294683
11034204,0.8855763938686906
13011049,0.6244240415198076
12009131,0.5400843687597211
13035184,0.8995234264129993
12004009,1.2644363482538958
12023440,0.754065349805502
13049812,0.7324839357485669
12012986,0.5039865099263926
11025872,0.5560958477006357
14029285,0.6406199567087165
14012598,0.6780448931632032
12008249,0.7932896706337496
12032642,0.6084707493848013
12024179,0.9358526542429745
13018223,0.6337913044569455
12020894,1.1780159486949393
13040460,0.5394011162437968
12100958,0.7406960426264113
12015564,0.8102229050878227
13010521,0.6147343555218853
11027990,1.0401680123961707
13056168,0.9105133856380248
13010793,0.9408157706080034
13056871,1.071440591343546
11022304,0.6177445077382235
13042387,0.3441740462367184
11045198,0.8525882559218774
11019702,0.7506138228902299
13100733,0.6244240415198076
11040781,1.1911071013168488
12028020,0.723108223920935
11033905,0.8269489290095982
12101152,1.2275497042850039
11033441,0.5492797507404088
11039644,0.6642461942817283
13034801,0.7023746657922012
12015324,0.9913319210895594
12025623,0.6232189445341614
12012671,0.5538173457158676
12023920,0.5435255036943933
13048434,0.9047279089282211
12019602,0.8961118540198177
12016250,1.1114143511553893
12020696,0.6405998923822771
13012909,1.115794876699484
12024021,1.156152166319504
12020016,0.9535323874765892
12020624,0.6585113145353328
12024048,0.5261240918087906
11034631,0.7758431981441329
12020036,0.2830047051376888
11002024,0.6955636707381246
11038487,1.0510989831075972
14018346,0.5777764964913171
14002472,0.7661070484258249
13048590,0.45771436173537006
11032071,0.7819663841521209
13041515,1.05336912801047
13041135,0.5325971438104474
13017951,0.6650097011202286
13024262,0.45233669555625894
13043708,0.30815617047383836
13035321,0.30394235669352926
12020816,0.7258402807743431
11051629,0.42959715235026985
12019599,0.7592314640793574
13035912,0.42208255629422964
13032213,0.7680233862206168
12008048,0.7287126572765912
12016097,0.7951149099240249
11026911,1.192995030916762
12005177,0.5903532290606598
13026706,0.7288327997967563
12012188,0.5206408407604749
13032066,0.5361756947478826
12004300,0.5375118095533538
13019205,0.7661070484258249
11040817,0.737033324589102
12015860,0.4047872691773247
12012850,1.057742560989144
12024467,0.8364402077611839
12009174,0.7294149781730781
13042983,0.9386004570040548
13063137,0.6465170084996485
14044226,0.841231446437027
12015596,0.6290814449024288
14012709,1.0618549469562828
12015997,0.6904665444318566
13102038,0.8415885202634659
13024299,0.7134161813033829
11021170,0.7661070484258249
13017985,1.114153123934217
11033076,0.6063106871828928
12011592,0.737305914842898
13041625,1.0791107476381347
11013811,0.4990234769527482
13025454,1.080199826666739
13018429,0.8550891242399611
12021141,0.5147745414797986
11033043,0.5275981614759799
12025229,1.0063062303922996
13056887,0.5177398353432218
13051908,0.3438868636488403
14011264,0.6897993410557796
12019990,0.7165888694322585
13020436,0.45045411904896754
11033385,0.7661070484258249
12019153,0.47866995822683933
11051130,0.6864054600427874
13032478,0.30567523447570855
12004234,0.7647597368196082
12025642,0.4439881248612546
13010496,0.6206562693561036
13005086,0.7586272401239803
12020582,1.111822694628956
13027763,1.2549602852799728
13059276,0.6137160322777376
13017171,0.3955249943531417
12016162,0.7785683993385456
11045588,0.9152132661763596
14033700,0.9129475250406931
11020150,0.6684644872241524
13013524,1.1236830047647741
11100411,0.6740481335452473
13034913,1.40356505618033
13058133,1.0622849359211628
12020744,0.401299620809768
11034837,0.6728071901809695
13011656,0.7170719549311564
12009276,1.1079555527474956
13101985,0.7713256535383922
11035480,1.1025516615748678
14011651,0.621903268975591
14005635,0.6475247859485447
14100963,0.7509474584644236
11046771,0.6467248300187427
12019564,1.2115885202484644
14008093,0.646157950302768
13010546,0.5438918776434883
14023177,1.1111019927608055
11014781,1.0544817006590788
13010364,0.6020616616563276
11020228,0.9524928622278116
12029076,0.30431263916557233
11013366,0.36605760419047745
12024644,0.9543058763662081
12027589,0.7661070484258249
13025944,0.510281628707089
11051249,1.1931859800793243
12020029,0.2805470369727548
13004181,0.8248330195951282
14001763,0.7194282563876424
14013114,0.38904712490375104
13048454,0.6854658468143617
13035937,0.30516013160082517
14028946,0.9923354820483843
11020243,0.15068173152535885
12012052,0.530626313513082
13049406,1.0587562071496883
13035164,0.7782191290417378
14033260,0.4972406927410635
11014364,0.7866494679200063
13027197,0.9560920657935519
12023867,0.527733404433912
13032226,1.198043496899241
12028101,0.808028307617614
11051992,0.4490049701311517
13064237,0.5727905902444744
13059411,0.41527437595690897
12028633,0.6859235430953674
12020350,0.5909176068334839
13005395,0.799811700828142
14017869,1.090432405906119
13018481,0.9674859353354588
13026059,0.6476477235763065
12028614,0.29770210014276793
13024327,0.9529737619310813
12019042,0.743706692856852
12008424,0.6725366277438585
13026010,0.6518814763750805
11013914,0.7385384906299297
14010862,0.717378224219893
12016641,0.6896046025316325
14018592,0.6685214047352411
12005126,0.4085181169040976
12003738,0.8675260776492942
13018389,1.1565560768881853
13051817,0.5792509891399289
12028854,0.7260852126645727
12027703,0.7472648462183269
11037889,0.712085782013067
12025448,1.0079289258998634
13031606,0.828981272314817
13033774,0.6813492802128976
13018487,0.3463014297809168
12012669,1.0708696547269698
12008188,1.0763452322137512
13051194,0.33427694975265354
12005745,0.6085752508904579
12016165,1.117419862909604
14012644,0.6976010129005472
14006356,1.0719394144721583
13011774,0.17571957256380671
12016774,0.2285117938710559
14011825,0.947208857353754
12019219,0.9755600173014264
13042216,0.599186456707383
13040177,0.6228604160589718
11032745,0.5738861119095519
11101601,0.4781410577113958
11045881,0.7165592566892836
11018399,0.45825360865358983
13033633,1.074502222324695
14005568,0.9271242775508383
11008332,0.8348610235106232
11101402,0.7743052006089429
13028630,1.2159186739309522
12016783,0.7420205737373272
13019309,1.036832256672478
13003665,0.38573385316925035
11026323,0.6068140204914283
12025611,0.3614701113521552
13004083,1.0787270058958152
13028038,0.6062086845624671
13002680,1.3267984583799854
12028175,1.1060907046288522
12021406,1.2100796348428742
13012621,1.0257563522476547
13016047,1.2534167776464435
12012908,0.9052779210363764
12019050,0.6773530101197841
14018811,0.7453804685505404
12025237,0.5982397439898185
14007114,0.7661070484258249
14006161,0.6985225448061135
11101000,0.6038108965867336
14027646,0.28673265694330397
11024939,1.075884898429638
12016075,1.1040749436857755
13058749,0.3028875687563492
12016047,0.7246513235520745
11008362,0.3155592856989596
13019643,0.743540188057939
13050376,1.159868416431246
14016729,0.7892535695625147
11021248,1.0313061499597969
13011601,0.4121419914041383
13063195,0.7978626649355879
14011853,1.0476329792783354
14022866,0.9953222930630707
14028942,0.8868946664291308
13018981,1.2490412180986523
13025203,0.5246140835897825
13016976,0.6793664605856777
11019338,0.8193984902755865
11021120,0.8253747238446866
13024969,1.0238724701675106
11051318,0.4172859234725365
12020842,0.7201239865317646
13047916,0.6374919671240892
13026172,0.5764126979055033
13048456,1.1892982873635165
14039630,0.654080929233462
13043329,0.804216191151528
12009386,1.042369020711408
13063872,0.9634885714416987
11053072,0.5127585502341019
13017983,0.5925971753854632
13012029,1.2547146142975285
12029342,0.6060581604568369
11019507,0.8523998469793281
14022459,1.061475070485322
11040690,0.6352730491407318
11014432,1.1539819891121932
13019614,0.9591518021263432
13033507,0.4243109899304707
12027368,0.3708859866288969
12008548,0.9248486153451013
11045055,0.4619301951849069
12003814,0.8199413069231872
13028379,0.9768224809978427
11038195,0.4512005416328387
11051849,0.7453886474641261
14029316,0.5969375569564619
12020356,0.9036777057448053
14022680,0.7564951807716338
12003667,0.9893442339222818
13048566,0.3808241119669307
11051133,1.031486726662888
11052543,1.006933014064156
13063025,1.0696089281948908
13012846,0.6824146164573061
13018550,0.7210310061157744
13004291,1.1152167498849983
13027933,0.7888149315844236
11019822,1.1372198580218915
13035422,0.7661070484258249
13100282,1.0484962311386417
13020620,0.6308327844799437
13056104,0.729549382984958
13019217,0.7936283420454762
12015688,0.7661070484258249
12017007,0.7661070484258249
11028136,0.4917313662010484
12011347,0.4246888299867648
13051885,0.3801430748718322
12011226,0.7507547462108115
13032659,0.8131059477122015
13065151,0.4117554371452095
11013060,0.3318670948540197
12015416,1.0601420025021915
11051135,0.36627292973064995
14013153,0.5477338373750196
12016806,0.6065315584226335
12007598,0.9883446709028847
13042616,0.7989472052146905
13033962,0.4029017681540622
13017339,0.6821721825457162
14010854,0.33980398681230756
13049619,0.9998519576906799
13050984,0.3612113017693578
12012169,0.8979431054584687
14011723,0.719658673635942
14014083,0.7740823336070102
14100379,0.7661070484258249
13026128,0.5622810467456888
11026452,0.5720161841557974
12007606,0.22972741563566187
11040772,0.6483022911843316
13012963,1.114859495932996
12003990,1.0222908226489014
11045221,0.3270219890961932
14018066,0.7661070484258249
13032460,0.2554043958830379
11044553,0.9977864498495069
13018424,0.882110407598672
13004265,0.7717650312759501
11040653,0.5438875358696224
13025488,0.2287427928002283
14013147,0.7735174883478895
13043555,0.6739260913956517
12024662,0.6184609029907558
13011213,0.7115639421769983
13018012,0.45553291313665545
11050735,0.5417074848387634
13042378,0.908039166661044
13017851,0.7611964870758208
13025733,1.035692559721286
11039254,0.43230789226719274
12015649,0.9324756528781181
13004223,0.439258706331275
13009276,0.6539701486468639
14011412,0.7054102319560133
13018600,0.7271721354503822
12015983,0.7996488016970741
13042309,0.6052408263198119
12016382,1.1596693003950074
11020619,0.462096678737872
11019146,0.5274557259111815
11007754,0.5565608627214784
12100029,0.7179709747217822
14021986,1.1440630739685662
12013446,1.1646005404080912
12004763,0.4140951469157406
11013900,0.7986449582682716
13101878,0.5373450886393502
13010297,0.6956147862402627
14101007,0.41056700320056455
14018440,0.7080467956874742
12004441,0.40011401728612506
12011622,0.6380555504924765
13024727,1.01005312655281
14011136,0.6542069733028757
14028150,0.21869632757254964
11026751,1.0569245047343838
11040025,1.160786357284172
13036550,0.984083234404081
14007355,1.163871873452997
14032650,0.6675977983375101
11025178,0.9980130902384794
14016583,1.1082520510859946
12013211,0.9497544540335118
14039502,0.49599451569019426
13019975,0.37970015024375403
13057956,0.39565372941422083
12015364,0.7661070484258249
13064843,1.0628676037140938
12013021,0.7813893538329646
14029122,0.9706924160176927
14011175,0.941839737757744
13012419,0.7689990204937343
11044972,0.3304735104231703
13040842,0.77630266966107
13017229,0.9117443916168968
12003817,0.5546169176410588
13056058,0.5592175192297704
13004104,0.9638308721465668
13058119,0.8123004184094397
14017093,0.672497451812109
13019047,1.101263202303488
14018061,0.7661070484258249
14018456,0.5679681795285826
12025204,1.0637752824296813
12025908,0.30947593864926254
13021235,0.49610115644131064
12007878,0.7094481236226431
13034464,0.5706498195586859
13020536,1.1059478269648322
12008210,1.122311801093242
12016318,0.6919485766965651
14034710,0.5860103258773129
13041461,0.7615636225966567
14018319,0.9921555025129294
11046512,0.5723551569688207
12027415,1.0798115279563905
13011116,1.0164770603602236
12016826,0.5211927376988333
14028018,0.8675519386772118
13035333,0.8521048362720657
14022240,0.4880507630055134
12028956,0.3888969400708743
13011171,0.5321142516502368
13011094,0.8873429578550127
13062927,1.015473061560182
13027510,0.27985839065675905
13009465,0.8483139945418847
12008743,0.3950866491977593
12011124,0.3543863085273964
11008303,0.6145076045316458
13026577,0.5158414884734884
13028581,0.7372041620096533
14006717,0.815950841562143
12013472,0.6583934391693752
13035941,0.5510071981841141
14013577,0.785686688800432
13010900,0.6549923889211606
12016167,0.6786535704505148
11013217,0.8979292518614552
13056823,0.43343446530361396
12004568,0.8583394234108888
13040209,0.5837321100897899
14101541,0.6431442977217527
13055504,0.7967253883864982
13028105,0.9532144905699866
13019790,0.43920034412801284
13027514,0.9485957341310239
14007539,0.6411044992000143
13048573,0.20087658868918254
11101174,0.7661070484258249
13009721,0.7500360009581434
13058805,0.5940824715368032
11045092,0.7734328488221951
12008807,0.7929212802005959
12016928,0.5390968228862736
13102010,0.6299152200077952
13056716,0.6406899658882205
12003856,0.283872893464262
14033172,0.47134182544314746
13004609,0.9961852582129815
14023375,0.43496784182316006
13024646,0.568855004602436
14018106,0.897676611026975
12100971,0.5636590136360936
11034316,0.8459919099075265
13003432,0.8897529330248121
13009724,0.6906065278218647
12017286,0.8295796118958862
14028181,0.7661070484258249
13040515,1.054690043751853
12024677,0.9111715271767978
14029001,0.6467604145523032
11013389,1.1040566343312115
12028356,0.7275418677475598
13025383,0.47916312928798394
14012711,0.7902889220569449
12019887,0.6108342696159925
12015310,0.2909670922535881
13044297,0.754602489608284
11015222,0.43477107442502655
13040634,0.6704760338663692
11043877,0.3534570681570034
12004177,0.9797295189576374
12100933,0.7661070484258249
11033577,0.9910909979231066
11045649,0.5138821195371384
14039545,0.6252889808576108
11021670,0.7273414551253604
13026470,1.1510353703614362
12017417,0.6452142318083511
12019805,0.71294770734632
14021937,0.5448843122962346
12011823,0.8585257859716058
11050830,0.32484810792260665
13064781,0.6769957407976783
14013258,0.6762834152775303
12028649,1.0601663709388192
12025604,0.4669912304373937
13004748,0.3681770610880697
13042046,0.4812405397384144
11033855,0.7047042125321552
13003431,0.7179923088791952
14022322,0.9333682913598892
12011565,0.6358268474543066
13004135,0.4774476573113905
12021039,0.5101951561335785
11044900,0.42679743720842095
14011188,0.37364477554110703
11019195,0.7608940980333428
13011177,0.4920701364940778
11006484,1.0855016632656092
11051401,0.6142859680115456
13011165,0.7333159082673323
12024727,0.7579298676273862
12012811,1.1397982207859172
13057566,0.5578429498270945
13017243,0.9161418990210733
13027391,0.9408360480742528
14024649,1.186110935004485
12028011,0.7773600540731775
11050848,0.19875550226691788
14006148,0.3326081127869894
12100914,0.7661070484258249
11033839,0.43435139064298817
13059123,1.1163793924323426
14013713,1.024121557176087
11014276,0.8680430746796535
11025794,1.0233883094181944
14021785,0.7046925326200122
11008110,1.3574893048093293
13035128,0.832664207284519
13019986,0.6531293011325855
11038339,0.4289874804857616
11021783,0.3817667081774247
13009448,1.2205986972486884
12013128,0.3486060927088102
13017389,0.27028872557702077
12020949,0.7929509033556845
13011103,0.7211883908314727
12024346,0.38102689706058024
11051162,0.8054909804470056
11047418,1.1950923870758765
13017347,1.0537199195396028
14017077,0.9635041314549084
11033900,0.3262726933303192
11100966,1.0591564249199752
13002831,1.0042346341674049
11007811,0.8952208863772729
13058707,0.786515264066413
12019672,1.1937705817228106
12008849,0.8271764693704634
13019877,0.6549446726523365
11044633,0.793495529155315
13018372,0.9132468209955096
14011285,0.6599568757765825
13033910,0.602591199853041
13050535,0.17716136428818652
12015889,0.9510672877533928
11040225,0.8914041115804814
12012436,0.5807562213376984
11028611,0.5171997004021871
12008117,1.0074477138943605
12023608,0.382165641196933
13034693,0.7162555465870042
13057617,0.7661070484258249
13024633,1.2347426476595975
13019782,1.052415010936791
13042954,0.9231394118195605
13040723,0.1949552277015874
11014814,0.6982037487994779
14039307,0.4614099566694833
14023053,0.6225094797575009
13033014,0.8927659703944973
13017937,0.5849176090295611
11040832,0.582004747378658
13034812,0.4699139397072525
13035243,0.4256585359220739
13041373,0.7765274150702389
13034596,0.9978886118618895
11014372,0.33684660094474056
12025236,0.5187197550624721
11051526,0.5625103602874957
12011910,0.7661070484258249
13026607,1.080395593926501
14023346,1.0002793169227142
11031463,0.37796722275514016
12017252,0.6976731349710321
13041836,0.4077416579531812
14023326,0.646080473216361
11013226,0.8445726580817334
13043023,0.9086302455910377
12019119,0.6268870949456412
13018068,0.8509667690864026
11021737,0.21578959849246984
12004406,0.6966444072063421
12009042,1.1703623605469684
13003489,0.7722639434638467
13024760,0.4132017627673839
11101263,0.7661070484258249
14033266,1.0911450700971592
11025710,0.6533782258390819
12023747,0.7219526410134417
13011960,0.5580094708292171
13003418,0.6789134610375902
14024594,1.1261781392960302
11032633,0.6014919696453962
11046823,0.9032643682361827
13100496,0.7661070484258249
13039890,1.2726894714870736
13025469,0.7045989506155027
12019469,0.8321989365019853
13057500,1.138933059281129
12004178,0.5709732499465606
13017219,0.6859008187455656
13004220,0.6989901618213122
14033830,0.7008992172050826
13024741,0.49733001256224085
13024936,0.5089411940094197
13064305,0.3263865172699012
12015584,0.7937828056285197
11032806,0.7661070484258249
12007361,1.0196427032992024
13004198,0.7557289017435035
12005170,0.6079058406852645
11044724,0.904804201515129
13033832,0.9055795368478918
12025415,0.6347775296220582
12011819,0.38912888840117144
12016360,0.6076498573067779
12020505,0.4062299691813432
13020551,0.2827587734841891
11019768,0.5783234627744521
14006031,0.4989980561120826
11040230,1.0440053932113658
11052766,0.44923400495938187
11021604,0.7197494157095807
12008830,0.8199713240362689
12016352,0.45556913632536417
11052021,0.348476987448512
13043012,0.7077404135008334
12003582,0.8910655433546737
11021655,0.7858593094225262
13027438,1.020424043552119
13026702,0.7906182528072928
12024507,0.8795086089437225
11052689,-0.032159153914427065
13058625,0.8774074324841129
12016390,0.15802479558629437
11019748,0.3477636686967807
14021935,0.9628311420466538
12004611,0.40593349754992053
14021836,0.9412312123031207
12011503,0.26343752898175127
12023990,0.5854125020564793
13003336,0.8063241466014557
13019696,0.9551540288185172
12008187,0.7939415245063766
11045753,0.7414681242061938
14039056,0.6348921749562954
13044216,0.7557333389713159
12012612,0.754375803873245
11041324,0.5780436388399792
14012553,0.7661070484258249
12019382,0.7869026741650104
11027425,0.9039448299562692
12008933,0.7584500892233527
12100324,1.1635067030745905
12007628,0.24670817031046727
13101265,0.8930452260489962
12021438,0.9819694105492863
12025001,0.5682506997431883
11045672,0.8201793024772093
13020517,0.4299523271972118
13017363,0.46916245766079623
14028144,0.5235154272872649
13034618,0.31338589020049723
13101996,0.6133665644452095
14033041,0.4462900944696734
14034288,0.9766342832676855
13101155,0.63031695164897
14100540,0.5101666087800489
13034831,1.2188494880116754
13010480,0.13547024121073217
13064130,0.468245959231658
13017125,0.9281779772418297
13025427,1.0129029485317085
14016989,1.0274501525462483
13050588,0.66023036177834
11027847,0.9165721559024002
14035190,0.9540607646042213
12008929,0.2285117938710559
14100612,0.27425915326233025
11040107,0.8485928399237215
13005497,0.6995052152330236
12013525,1.2274020532303027
13009259,0.9166348593124297
12029077,0.4420233864664984
14033840,0.7487369044414749
11052641,1.0266146474918805
13036403,1.0277431302855289
11007868,0.6509471593790235
11047609,0.8727689477679577
11100604,0.6923048380547554
12004966,0.6672539141460851
11047075,0.3533183610758111
11034230,0.6353731395255632
13043055,1.1858337514564787
12020946,0.5735074059639512
12008207,0.7958755144496449
12004783,1.268890884338993
11040007,0.6052844853639501
14007353,0.8803051648813809
11038997,0.9779075879714328
13024511,1.0133813570308714
14100998,0.7661070484258249
12016119,1.1697271020745061
14017493,0.4779193511605268
13025515,1.0399473727119184
13026782,0.8353032750136193
12015485,0.3325246291070279
11044343,0.48538864500365825
13020374,0.7472372727375902
14029368,0.6356233320363718
13056061,0.8345802699447513
14006737,0.7595892872718149
13019992,0.5073990766096536
13057338,0.4651981961586113
13012268,0.7027300432025155
12016552,0.2785455082165339
11034350,0.6717364237750264
14029210,1.0216047508786505
11044340,0.7362932654065882
14033623,0.9851618446852183
12007914,0.675413493494608
14019347,0.9306993355036682
13040638,0.9589271254393021
14016842,0.9330137661542777
14011985,0.709743754515419
14016657,1.0185485959338312
13004993,0.5621181431692436
14100787,0.7499022019630075
12025629,0.5558801587523727
13024970,0.39001174167702674
12023748,0.7443090138893442
13019729,0.728005055636491
12015276,0.8058710084370597
13043746,0.34284800296155504
12017118,0.36729493743842684
13012179,1.0412276149607724
14023327,0.29316980653299457
11039157,0.17825283667410158
12100437,0.660471043118447
12004165,0.4323889575807901
13009799,0.9419486428029678
12015470,0.6537593528046816
13003830,0.1524558841483701
14016268,1.154486707825995
11025841,0.7059450469727206
12025132,1.2997890465467883
11020598,0.4922835441584586
13057430,0.5281367021186434
13056934,0.8573339516257669
13031725,0.8639028463095687
11015341,0.44791112028266394
12004139,0.9794987618098984
13026003,0.9234278111216938
12007575,0.8135520521016912
11013290,0.8153148182610855
14028483,0.8176252178307052
12024751,0.7215143572898701
14028941,0.32545966198973864
13026787,0.39572540401295764
13056906,0.5095960134793559
12012244,0.6021939356938143
12029038,0.6528414343642682
13011786,0.8786605331122949
12009263,0.5788861116191047
12025032,0.7606557969500068
14010828,0.6393813182533629
12019695,0.2950517305530523
11044036,0.44678222008023294
13043691,0.3246978397436048
12021004,1.0405323600614163
12027746,0.732711494406217
14013211,0.8826792098702094
13041572,0.5380307353250964
12016388,0.4755231835314661
12020375,0.40121409090140625
13010953,1.083335068738561
12015999,0.6909436541135512
12004790,0.44442523387728705
14013316,0.48491376883424353
11051633,0.6961156732328859
13058189,0.3400812864947074
13004732,0.577666042823075
12011775,0.8680266204477303
11047302,0.8371592320530659
12007757,0.9442337336185302
14022642,0.5713043046479915
11034765,0.4037588383483293
13039998,0.6809326542450238
13020544,0.7102476903192506
13009854,0.47277967914673796
11040726,0.5213511150867007
14022010,0.5563267733549683
14007565,0.7150728063384507
11027040,0.9010596016814854
12008520,0.938590028859863
11007266,0.42678981968634316
13049724,1.1251004404116765
11047045,0.4330385475544766
13033008,1.139748292862408
13025290,0.8583372804996601
14012102,0.645121611385863
11047058,0.30457079648047647
14029349,0.7661070484258249
11044631,0.27908766744976543
12020230,0.792193322646905
12023330,0.35717706286501144
12028669,0.602272406515833
12016467,0.8813685438363856
11034313,0.7661070484258249
14011872,0.7661070484258249
12021199,0.8591781269395242
13012864,0.7493309212716496
14028677,0.9629424887256518
11020161,0.8355786839627416
13034904,0.7661070484258249
11101579,1.0589496350456495
11025720,0.7562375963553489
11032736,0.4842218217926448
13043400,0.9288071589509902
12015835,1.1135909209080754
12008456,0.8738495784892016
13004522,1.1147900315379293
13059007,0.7738034964091539
11013858,0.46546638712311705
14011289,0.4197526056676172
13010627,1.0098434019822402
12007449,0.9323052297926783
12008603,0.4992740212868015
13041457,0.7374567639395727
13051050,1.1103454628326654
11033260,0.7870301147807235
13034519,1.2560349299018088
13034443,0.7245591186739484
13025699,0.9822417350485856
14011741,0.5401861649426329
13025048,0.9073636067645123
12009280,1.1075925509118438
13050310,1.075964929195705
12028177,1.1985082323221496
14023454,0.6592729938078566
12007729,1.2224546382338544
12023905,1.1192947078220798
13034963,0.7661070484258249
14100614,0.7520085141933786
11044511,0.7407430738891925
11013236,0.5127336232104563
13026578,1.0707446495668296
14033661,0.4614980314487444
13019303,0.8102885069928314
11051978,0.19908410448048963
13003783,0.27586466627466805
11028029,0.3343909906927513
13017336,0.5181188753333946
11033779,0.49439585694995375
13057749,0.44253781293415456
13034629,0.8209665537803896
13004320,0.9196499182138789
13004103,0.6423879065690492
12023753,0.7318122272020685
13024743,0.768131752216454
14017206,0.7843387591837283
14006711,0.6498513965172755
11051563,0.9215462277147476
11020273,0.32579863423315486
13027621,0.5489923830735757
13051087,0.7590163024611386
13035252,0.8122649823040196
14023726,0.582004747378658
13026228,1.1093361655969909
13016918,0.8944138676101966
11041352,0.5628203288531363
14039088,0.4552864612366696
11050787,0.5335897801430037
11101105,1.015256255441105
12100949,1.0367953719233158
12021083,0.3500150738421782
12019815,0.9806481506633528
13041944,0.38682956399248586
14012460,0.7661070484258249
13051772,0.4993667969471504
13017135,1.171314908441905
13034601,0.9198576229370321
11033830,0.6335745168066003
13040176,0.44229670354146655
12008326,0.7646176898650986
12023825,0.7661070484258249
12028773,0.7661070484258249
11041081,1.0091754638768091
13033262,0.30115547164462747
13004315,0.4498608551948516
11020727,0.24315640126259566
12023600,0.6214582836488777
13017355,0.8528078910996665
13019256,0.6615749007670763
13059396,0.8675565422053072
13016239,0.7638307771694764
12100417,0.7030607942855363
13012904,0.5321935041900662
12007920,0.559087558138766
14033812,0.7858861483125548
12004474,1.164514176646317
11033372,0.27588287021873914
13012126,0.7661070484258249
12005123,0.9632143972803534
12020727,0.5607009309802108
14007137,0.6255029959606074
11100802,0.6009476351491755
13034113,0.7817413054079938
11051201,0.9089256942817358
12005456,0.5277591149536375
14023234,0.3510049694013916
14012894,0.7661070484258249
12025094,0.7862342754298204
14011759,0.604075941831358
12028393,0.971642467300839
11014901,0.32169652506115265
11045205,1.1906776663558596
12028639,0.8298779245355602
12019709,0.7661070484258249
14019342,0.5749256703431712
13012352,0.6799104578847783
11007332,0.7871212294411335
11025749,0.5782351413868106
12101390,0.9168422129736281
12024479,1.052099937471409
12003536,0.6231114325483825
13020095,0.26893765617968063
13026795,0.7537968860140676
11052394,0.7901600433220535
13034624,0.8992449383970812
13040082,0.9864908351879379
13012383,0.2988974447175006
11051545,0.7410950230795915
12029377,0.6282775087718849
12021080,0.7868259853464918
11045071,0.5809060688246783
13044163,0.7116157106127234
14026711,0.6430646795857088
14101264,1.1012937616609966
11045549,0.4364336208380783
12019543,0.3639543368594769
14028554,0.6177771790549992
13051437,0.7695000404797757
11007034,0.8576219790249116
13024003,0.7279674766413691
11041315,0.997597790949846
11006771,0.33354897636050806
14022928,0.3287509105025946
12029411,1.1797047351095398
11101160,0.9444125376987738
13041530,0.5427669168901788
13048516,0.582004747378658
12019424,0.8192028410057488
12020045,0.42272042137639276
11021666,0.5982443296186813
12005447,0.4367626699559537
11034769,0.22362964661601595
14027545,0.7388923914769535
13043068,0.6729128730179501
12008533,1.0356270816249908
13050450,0.6702547794816894
14023661,1.0829028525638293
13035086,1.2480341128683783
12100525,1.0531756302070232
14033536,0.5332015204099038
11040856,0.6263207586326488
12027932,0.5297970141854077
13002872,0.6045881095771458
12017000,0.9857044266979487
13064530,0.5712125762695538
12028985,0.8882616943362714
12028019,1.08392022994955
14035181,0.5110781903600917
13065177,0.5928665579799168
11044863,0.5472905077661845
11052033,0.8065061907070962
13035943,0.7215267674320032
14023291,0.5961658443943548
13020527,0.9732999777842372
13019861,0.5576942217473161
11045409,0.7661070484258249
13051079,1.206369523664341
12013503,0.2646532540005114
11051163,0.5472342942288676
13041621,0.5154114385954169
14034665,0.41372420552016353
13063591,0.9361553969403626
14043854,0.7069587898394974
12011846,0.6976084629910442
13050655,1.022571107243923
12011513,0.43835801330397206
11032900,0.442138723499852
14022011,0.5604333500934886
12005110,0.8231716890646485
12020697,1.1968809777567255
14029541,0.7661070484258249
12013547,0.4233540112733473
14023045,0.8456316156004754
11014883,0.34643116435113946
13010543,0.2652748348567485
13033830,0.3807301602023222
12100280,0.8578950229391552
11014108,0.7198870058148538
11024931,0.4459932067819275
12007912,0.8870718796247186
11039061,0.4914753543962102
11015247,0.3810676437708931
13035052,0.5909748762408104
11052625,0.7353500444010492
11100202,0.6821951461565312
13004254,1.029606353214051
13005332,0.8988049819105669
13011184,0.5982957772745667
13043034,0.36053494700918126
14022237,0.7151966375151227
13017987,1.1249141883726166
11051580,0.9190127064588629
14028073,0.900350359176261
14028855,0.93369895101996
14034607,1.1852171716488529
12015887,1.1734387086085156
14007054,0.31244131192227936
14028832,0.7010303793532388
14034297,0.7771187719768987
12016329,0.3464889137584281
13011526,0.9092485047492083
12021101,1.2954980167289982
14017719,0.6221034804033113
11037887,0.70392601614014
13063478,1.1155128600046178
12019604,0.6906443718575562
11033178,0.5780251375651588
12008653,0.6944836766530075
13004608,0.9454328476170831
13043167,0.9741738297931416
13005496,0.41663609118942074
13009543,1.251749667236026
14006992,0.6607782273975611
12024196,0.87229226573762
14023741,1.0539540135477288
13101067,0.9139282258013183
14100499,0.3669823650495367
12028467,0.6071653609676587
12027597,0.9468339399446397
12029471,0.9277349166509318
14101010,0.7661070484258249
12017058,0.6321139366978428
11027054,0.4726297002608182
13035207,0.4756214596239555
12019919,1.1851718492789598
12013241,0.30129045379939345
12015635,0.9546454784258818
12015967,0.940952071340924
13026391,1.0469706453853216
11013585,0.8464169399307588
12011933,1.247908364850468
12020424,0.2745317862450245
11040179,0.5869424154665341
13010464,0.9732943799356785
13009796,0.397729599574492
14012289,0.6095253810928587
11033292,0.9975797907266069
13017955,0.6403374949578869
12023687,0.43499523001153717
13025463,0.3027376464651896
12003965,0.9156071407364378
14018756,0.9800431187943943
12008826,0.5530173764057226
13050852,0.662329325226095
11052446,1.1009823747185574
11045662,0.9077257545270438
13010817,0.8742151064551515
13049807,0.9377222277865237
11014133,0.7727479986233409
13063157,0.5509564535549315
11047491,0.41906461898764386
13032803,1.0229302864084744
14007945,0.6957918249074982
12003737,0.8156662670258431
12021312,1.0076661017170352
13057487,0.6125350227166826
13035615,0.9310140059972043
12029106,0.36264275670224644
13040601,0.9837939868627362
14016074,0.6239248384639581
13064327,0.4593240955527075
12100420,1.2413959983070129
12028544,0.8674624480831024
12009047,1.080632917384561
11026598,0.5647015168708897
13036013,0.6612155242968658
13012416,0.33057779188171266
14012163,0.6970249183009858
13042370,0.533369344802083
14100646,0.69806049666285
14027038,0.25070246022586096
12027459,1.1736316035524383
11033221,0.5791291752340308
12019502,0.8937576896209936
13019225,0.5137405367807766
12025025,0.6927051292950425
14022962,0.4604860073937981
11045619,0.7690641483427584
12028299,0.26247301773580517
12021047,0.5248217392467618
12024386,0.49098697942451547
13035870,0.6520146257061249
12019646,0.5420254832569892
11026276,0.3741150562348614
14033847,0.5808389898943768
13017285,0.6978336917867447
13049844,0.8654505817846533
12015444,0.96180658158805
11045716,0.7502951645673397
13018333,0.38593385828280846
12015593,0.7622375484022801
11045031,1.254455217290447
11028075,0.4178993509960844
11040285,0.7160598647477758
14100261,0.5764141060539799
12015548,0.5244334979549642
13041809,0.8286781670859497
14007091,0.5384353104194141
11039698,0.6518974549070015
12015024,0.6656901188369838
13100736,1.095578721058951
12019571,0.6085130852927133
13056251,0.3371959697341312
14008382,0.5347265481591019
13056835,1.0887143600050844
13051796,0.7921589241041538
13011152,0.997039542764128
11007781,0.919780289041569
14021961,0.5012065466736177
14022356,0.5080623720441941
12008621,0.8613919244325103
12028986,0.5694768734320736
13018648,0.7184858001068344
12004391,1.0869191900520307
11101172,0.8092126690155343
12016853,0.7441451354421258
14026915,0.6436447159469153
12029386,0.3792572826077342
11028049,0.39909777839117283
13049586,0.6590235758032456
13003802,1.1881908319886443
12100598,0.964591348061375
14017419,0.5655671723214573
13057354,1.0331650452031806
13032469,0.5376236999451469
12008558,0.4162446659726966
13012290,0.9480699127080433
12100304,0.8513552456915288
13044107,0.660608216742831
13035277,0.34818931808309184
13032322,0.7661070484258249
12023344,0.8041364080076226
14008423,0.61339612196511
13028622,1.0399284395846813
14039646,0.5967112234338058
13017218,0.6734599112770803
14005636,0.6854986054216445
13032938,0.7685784188079453
13050617,0.7493288607131395
12007462,0.933942998804782
13100697,0.5656871694885137
14029829,0.5756681251230891
13025170,0.7610106820996608
13004735,0.4270285945183167
12016691,0.5951410057181081
12019450,0.9785893857830658
13035775,1.0368190811448565
12025488,1.152146280318045
11039617,1.0693296562445966
11033353,0.4904806441617281
12008844,1.0211289503287744
12020038,0.4616604513304331
14013282,0.9621954534008608
13034622,0.42501943629806227
14012728,0.7661070484258249
14006681,0.5488962447179941
11044379,1.2452935065397988
13010477,1.138123996881883
13043717,0.96697300840934
13012368,1.0273805410337156
13017181,0.8139065804077996
12011912,0.5694937043708835
12024844,0.8530952526558018
13036593,0.9666786133917219
11051123,1.0401680123961707
13049875,0.7543951657140188
12101166,0.7541403572452761
13012973,1.2013733214590407
13003566,1.0536953275650816
13028008,1.2514867888083483
12021024,0.7323769139991295
11027928,0.7661070484258249
11014805,0.9820270699751023
14027501,0.3422582782988888
12005549,0.5642779567333399
11038647,0.8711360257551469
11033824,1.008479390273244
14101248,0.682275434955417
14012324,1.0915405293692286
12028661,0.9011714375316594
13050331,0.796156804011039
12015765,0.9833584517790392
13018875,1.0951660073054152
11051074,0.3782659597417429
14013763,0.6889717142411758
11019067,1.1911448665716202
12019380,0.8988362925292417
11020771,0.6057708555508574
13009951,0.8580180930129445
13010258,0.6221163598443128
11045710,0.3983763536939183
14012022,0.8050492400890278
12025788,0.8892847133283887
12008905,0.6652988129142619
11039105,1.2046911022908744
13035251,0.7050291746591554
14028085,0.8582926760325865
12025418,0.9885846613469891
12027356,0.7781544910357588
13004601,1.0436555702156758
12013393,1.0442515554642906
13042070,1.2372226379280837
14019041,0.5401280331518147
13049147,0.7771560098698106
12004029,0.859993257928296
13042300,0.36283430244930875
12003671,0.89518625023352
11050792,0.38465884659653726
13020375,0.35383051972271506
13026886,1.2493590509972614
12020324,0.7087269332449734
11027270,1.1160390473809365
12007583,0.9932790197609647
12020798,0.7661070484258249
12017441,0.6483448453564173
13026185,0.6175119854801192
14022564,1.0657022630473298
12004759,0.7219468101230735
11041377,0.8875491112429753
14022777,0.5131159646449646
11019675,0.4495883600244731
13026820,0.7143882800435022
11014346,0.25820536777939906
12012934,0.7661070484258249
13008961,0.38832110154609784
11013323,0.36765758515958913
14016300,0.9673065115364752
14023704,0.9667768717797511
14013707,0.7195874387554919
13026459,0.5022059695661484
11038525,0.447784914234032
11032740,0.3271562369126896
13033929,0.4568020904462215
13049861,0.8634022800933834
13044063,0.6797087915208917
14018457,0.7661070484258249
12013199,0.8696333498970578
11045486,1.0105735145324952
12101370,0.5455452432366802
13034650,1.003197716735861
12007970,1.0754529523115808
13028093,0.9624237102984642
11046258,0.705426559415221
11032119,0.4820217626661801
14032729,0.8757904056385932
13027440,0.7339078979581966
13018477,0.7608420782651414
11052546,0.9054522988448819
12005595,0.5647695080804731
13010197,0.7870183107772025
13039960,1.0624035415073674
13051927,0.9209000168896835
11051206,0.7454155520443906
12016373,0.24049120464606819
14034520,0.55071860946768
11027702,0.7661070484258249
14028542,0.6304952509760088
13041629,0.2598774914914325
12023980,0.695990809342523
13059467,0.7417006203875431
11002218,0.7287932857549012
11019070,1.2858212225229972
12011951,0.8622113988959338
11053151,0.3034136608014866
11015190,0.7277619474254345
12004738,0.7651319406858339
13064086,0.34356011895052335
13025089,0.16626865557409834
13033061,1.0539845346249788
14101071,0.701748373825318
14027658,0.2717177060863094
13033022,1.1551935131632771
12000840,0.5668194933633703
11047288,1.0901926466217324
13024813,0.6384435833052844
12013534,1.1170313898965194
11040129,1.0640288842045424
13040031,0.4031541344295174
13019597,1.0025834883519664
13009547,0.7477014642509043
13027329,0.46829593403876063
14011327,0.7951594271785459
12004145,1.1528256463997315
13041422,1.228768810625788
14100972,0.7661070484258249
11045081,0.30277155109015785
11044649,0.3858418910685033
14016617,0.5741352582898701
14034389,0.28651417362464926
13043368,0.7661070484258249
12016740,0.5392473779149225
11046355,0.9937754031414703
13064632,0.5990597874119002
12025511,0.7661070484258249
13004627,0.7775053131140421
11007297,0.4649612862245312
12028686,1.2230570787457957
13043634,0.7003587298051409
11037452,0.6488065220083636
12025637,0.9926286612207895
12018855,0.43883995854438373
13057208,0.7352209554976346
12007508,0.8460869997109047
14012607,0.8326095006547931
11021768,1.111002267579111
14018582,0.42673683739127555
13036675,0.5212281524718967
11027576,0.1231023059075998
14028982,0.6735013637424525
13019786,0.8139568370290466
14017834,0.8057324517180491
13039549,0.7661070484258249
12027979,0.6066213823964633
13051890,0.41568765603156493
12015298,1.0183606519287354
12025571,0.9700416435922573
12020049,0.2776602243954925
14006016,0.8635736757243989
11027084,0.6565588107505013
14012351,0.7661070484258249
13017841,1.0970831733244228
13064321,0.6526947716362692
11040764,0.4018534254421015
14012693,0.5062132570357434
13056598,0.6700811361990177
11040683,0.8100603708755308
12023802,0.8275831428748575
13024700,1.1720939378636437
11026856,0.9086439788625085
13027707,0.6259464697978151
12003837,1.0699038693476373
13042884,0.40518430198991573
11025655,0.6336107297203337
11034944,0.7583503007126946
14027745,0.8575368596904476
12012563,0.9389369648334805
13102000,0.707707465566516
13042690,0.6206833134043883
13011773,0.676279059868612
13034914,0.5085993014290093
13028066,0.6757726703231679
13033281,0.8916614405011113
14007797,0.5255148566822694
11101144,0.7661070484258249
13056712,0.37401887442287185
13027359,0.44883362430068147
12011844,0.8572021580092131
14021964,0.27043028273710346
13020158,0.47916312928798394
13028529,0.3743161295267112
12025304,0.6550974201286499
12019454,0.9274647244743944
11040734,0.5136131123839726
13040773,0.6476885986540619
12028305,0.8140186799204387
12011605,0.40758680049769463
11019939,1.0448865804879033
11034417,0.5640003420024894
13010717,0.29155984478753977
13063474,0.6581081119558492
14033325,0.6033508347748555
14007506,0.7917985972486329
12008544,0.20440021806609404
13048226,0.38202069705864095
11032171,0.5861343216177203
14006645,0.5353410546688983
14034758,0.6349578704089326
11052762,0.5681874004991999
11044261,0.4547759679681283
14017835,1.1088610443716285
11008235,0.7661070484258249
11026243,0.5803972129621126
11032185,0.7661070484258249
12027966,0.9177218291655477
14007593,0.719463342904321
12005214,0.5067263345544278
14035078,0.4978952786915804
13019585,0.589702314983711
12027958,1.001199608328133
13057993,0.7036824561494202
13012241,0.8708320029654653
11019174,0.47319549562636487
14034714,0.6094291397069647
14021629,0.544534836206985
13102013,0.7661070484258249
12017067,0.8334555322899263
12008082,0.6064484325005218
11031737,0.8772069618225752
13027268,0.6735772198353038
14007919,0.39075397474847223
13040425,0.9136784049241882
12028483,0.35940855227390917
12015208,1.1919332967994722
11051990,0.21207760150120647
13042264,0.880352004640893
12023310,1.0408667181887332
13026173,0.7895186508030103
12007461,0.8976200575097556
14034398,0.8243558211813307
14039132,0.7101305580211774
12015963,0.6762138016582184
11025774,0.6000338483346057
13058243,0.406313167768374
13035959,0.9062646971289622
14012548,0.6548681230851119
14027215,0.49509779636423096
13039602,0.8529514941090949
12011882,0.7686876949316366
13050461,1.0571196343989928
11033667,0.6753574047391548
14027466,0.9117212276609591
13063576,1.073932785806995
13049877,0.7017665726651932
11027848,0.9559749041019765
12028330,0.7694709049710485
14018950,0.2569677267528964
13063958,0.5271570835713862
12013212,0.47928446680843767
12027974,0.6718381055550917
14007014,0.6166387552207379
13009491,0.7551902204606695
13056098,0.6846132283540024
13047791,1.0138587453535988
14006174,0.9993069943562081
13033217,0.33057779188171266
13024838,0.7661070484258249
13017991,0.3788856464073754
12027602,0.9558357215683093
11045361,0.5149484436943652
13018046,0.48092005887980005
14006651,0.9782461503910932
13035980,0.7751282207559097
13049784,0.6377896005079899
13004227,1.0153096313717578
13011409,0.7260852126645727
14022776,0.855486712882857
12008652,0.7661070484258249
11013185,1.1027334922997156
13051031,0.4185438435462778
11040200,0.6878152042047497
13026491,0.3923938912858901
14012033,0.9005009031021713
12011674,1.134499473511098
13101635,0.9412791775297252
12011827,0.8588549285497952
11027762,0.643902152095347
13018556,0.7050513866008861
13031798,0.7661070484258249
13035218,0.1856019756144915
14028980,0.44021312360274517
13011831,0.3178323257979416
13033889,0.49736246917034926
13027965,0.6733394705730217
12023421,1.020242930237971
11044345,1.041604122068705
14012370,0.7129236929325001
12011480,0.2611866952768123
11046290,0.7561017877759555
14023341,0.5072960655089962
11021175,0.6439451813713607
12005081,0.9402694570181348
12029886,1.1478613248814251
13041622,0.31874252438257716
13033153,0.6293241232438788
13049092,0.8019588158065166
11052299,0.876225199111801
13017550,0.9242205015424161
13056847,0.5229895813053573
12019047,1.0963052836929708
13058814,0.7200548053236631
12020050,0.37425442020604893
13040963,0.7661070484258249
12025663,0.8342677615006191
13032431,0.17486284722697826
14017033,0.3941431361859104
11018136,0.9064911485577852
12012856,0.3492809894824718
11052000,0.6116030013170485
13019171,0.6955886547257871
12013071,0.6329929033413847
12011447,0.5169833723955529
14013281,1.0281168595570411
12025475,0.7516350826685582
13051130,0.15141553640161276
13101025,1.1291578289064128
12015530,0.5606298364542293
13042266,0.9909825969497152
13005179,0.33144354446894764
13012511,1.2453635946523123
13048754,0.5325971438104474
12029049,1.109118491904709
13011280,-0.01707207535622814
12023771,0.7661070484258249
13042262,1.0115347570438764
12012773,0.5035504645161669
11051188,0.5109266040374595
13034390,0.846815362118659
12008212,0.5017869233107443
11045255,0.9370845237992149
11020653,0.5946874522108587
14013683,0.49334741893923195
12021113,1.0262446422392482
12009217,0.2807298925587405
14013349,0.6364130807308589
13050949,0.670628239737749
14012673,0.6044904965811814
12012813,1.034687853163013
12019054,0.5617643486081432
13051014,1.0236581456083471
14018913,0.26801330266140966
12016111,0.8004503896338677
13040146,1.213662832368782
14021941,0.6602400416385309
12015685,1.2034603363471803
12008204,0.8513552456915288
11007167,0.735121352397188
11047082,1.0476232804438
13050604,0.407889841949343
11100629,0.7661070484258249
13027779,1.2102612291834245
13032584,0.7927876505401558
13059261,0.8397409207571906
13049879,0.4311529613880977
13034285,1.0838147541993788
12016021,0.7865494238255158
13026016,0.555986875990272
13018018,0.5495408445868205
13011004,0.7315960724032101
14024026,1.0402150530081284
13042181,0.6849987937060258
12009163,0.9064859458783101
13042229,0.6605952958545979
13017369,0.7469165494607738
14023332,0.9800278841423601
13050616,0.23110606361176783
13036325,0.9788262786596907
12019113,0.30297696053371426
11045251,0.5895334555649029
13056185,0.38551334082319083
13002626,0.9055762952883433
11046580,0.6390065797417906
12016369,0.3539930675401327
13057051,1.091880536767513
11033799,0.1655850767824957
14012889,1.1273949905568668
12008171,0.7715656822485307
12027424,1.0932110074486003
12027706,0.679616490074023
14040532,1.0109691193918637
13049208,1.0783869977130252
13017358,1.1538970441624368
12023983,0.2882196413462387
13050974,0.63867909719862
11052964,0.5913333302529669
13055873,0.9635302066793981
12011911,0.7661070484258249
11026421,0.4982900697237983
13041590,0.6319744206748392
12007564,0.4880918703154177
12016117,0.4401246421683307
12024024,1.2415292603338546
13058247,0.5481540902003424
12008195,0.7770028923820345
11040804,0.8895553749987806
14018060,0.7661070484258249
11014783,1.0557753271685704
13019179,0.8249075978057825
11021057,1.0160948392324995
13010499,0.47073866823059785
13041540,1.0314673879231302
14018751,0.8427594359800225
13025314,1.1381192198361794
14018321,0.7661070484258249
13100746,0.7521640445019594
12028256,0.6080333277489454
13018044,0.28598546437575345
13056265,0.7661070484258249
11033186,0.8742153777221111
13020308,0.5969668921983796
14007622,0.6296864131594144
13100956,0.7661070484258249
12021017,1.0650655131829585
13101705,0.5685074583317798
13100470,1.0728231352447588
13033884,0.4983992848067118
14033767,0.1763149015360375
12009170,0.7104601313408506
13042886,1.1980877551132703
14008403,0.23799257646346655
12020545,0.774818554739156
14016630,0.4347775474942594
11019744,0.9100190850892323
12017450,1.0229417697781367
13036653,0.7998343486105252
13101175,0.7661070484258249
13012742,0.9886839194647334
13042847,0.5017509701742834
12100268,1.0760059915442575
14018748,0.8821193649482086
11039034,1.030526594336506
14034498,0.3239779988200077
11045872,0.20682343723956972
13035730,0.5146656244158855
12019977,1.078339037944767
11100651,0.8833084918800925
11039609,0.8776609640721674
11051141,0.6646576080887611
12007466,0.8146732065405705
11006983,1.1055632744630504
11025863,0.6944617582029907
13011752,0.6708565718705959
12020639,0.9373613524625929
13025217,0.7184629159666343
13056093,0.7721038156236584
12028560,0.7015374027633599
13043521,1.1730452788653725
12020704,0.49312384177461693
13042321,0.3495649768104399
13033220,0.5515139809612377
12024246,0.6110616142083668
13041617,0.6440701619324717
12004580,0.8922085567408592
12024305,1.031378854153407
13058120,0.9633359928926546
12015924,0.8552002610756032
13049158,1.2553962294136298
13049640,0.8607765707296596
11040275,0.67252962961315
13064800,0.4929435998630235
13051577,1.2397616467645864
12009204,0.5017886117053453
13034938,0.7419452075359164
13018911,0.7408721991146238
11047369,0.7723680205403334
12028707,0.3614199860256606
11007803,0.20912924056888763
13003407,0.8736294049934559
12009029,0.7353529499307504
11100783,0.496280725954875
13058746,0.9679460856029205
13025060,0.724330178789628
13040115,0.7014611941407245
14016670,0.5304245421374725
14039183,1.0151411332350904
11045624,1.0624204997762907
12020970,0.6528818770635456
11039127,0.25869643947231213
12019759,0.41912405570348354
14013109,0.9034371249521951
12025191,0.9665213500381774
12012479,0.35284924158150666
12005145,0.31801779439049627
13026087,0.6124517099336301
13009876,0.5042306034837871
12013243,1.0028704894100293
12025179,0.35339725139421946
12004349,0.6496953527582121
12013032,0.4774685900245463
13101684,0.7434055219787317
11040034,1.0165411953603591
13018540,1.055809953552361
13033763,0.7664899133132953
14039651,0.9627803367798244
12020323,1.1262582171196647
11044555,0.6666762743388887
11039297,1.1892538402416308
13055460,0.5840669366143979
11045856,1.015211468567877
13035899,0.9129345750122673
13012173,0.7702696811188244
13019136,0.40082062663737344
13026783,0.9023457102160881
13017297,0.2994172513810919
11100402,0.8942545280253061
13034092,0.8056003343853485
13035921,1.2532701413270912
11050713,0.39332453567626574
12004413,0.6556428005681303
12028303,0.9344200038439833
13036116,1.0210398815054016
14012977,0.7177455430159807
14023747,0.6065564044613041
13051177,0.2817378061584563
11045892,0.7800223075706961
11045200,0.3881158341906478
12020074,1.0682484332800597
11052945,0.9747201907693174
12016007,0.7094344714639575
11020260,0.47103013140693994
12004718,0.35750895285346534
11052261,0.5804974455477427
11026375,0.7458392519447796
11027930,0.7537615291239075
13033574,0.7060576996164035
14023051,0.582004747378658
14013845,0.6217541944858402
13005478,1.1553991365606344
11044005,0.30885848414925765
14100335,0.6442153645480578
11027862,0.8399801677676293
12012516,0.9176847528551946
13049583,0.28105714472594295
12016018,0.7084952462258522
12008443,0.43617077981628793
13041849,1.0408013380843786
13051068,0.44886420669829413
13044147,0.8054281128748486
13025531,0.35076637109933145
14006367,1.0842346178120863
12023606,0.8607264315671652
13018015,0.4573926287668572
11051733,0.7661070484258249
13017893,0.9839841328526637
14022815,1.083280119119453
13101997,0.6528460456446336
12016305,0.9570357002531794
11024959,1.049081713162287
12021068,0.7010505664204492
12009396,0.46683528556124726
14013542,0.7245040848960559
13063516,0.7210933932693975
12025209,0.5273054260658675
11012866,0.6984008452988798
12024312,0.9896823550446441
12016919,0.25779230214407894
13035723,0.3600345743896181
13036633,0.6626757186959085
13025570,0.8657409327832508
11044046,0.38426473709624664
12100580,1.0305682993832341
13042955,0.40796439255435746
14022958,0.8712200662816739
13039568,0.5655005457228786
12028967,1.0887545048129248
14011849,0.7555064706421608
12025594,0.3590013954238131
12007558,0.7403833506719992
13028726,0.4951744883408427
11039114,0.6128514971915106
13035176,1.1177183770061567
12007835,0.8505888245449207
11047639,0.3812691580399446
13035322,0.86265884259895
13033872,0.6903845707891402
12029391,0.9004524441426591
13027414,0.7362749245327931
13019122,0.9375954083727067
12024666,0.9244795308722816
13017910,1.0559932196109845
12016346,0.36495603123431053
14013673,0.5505477995141785
12016725,0.2962936966653226
12008840,0.3866253977920029
13049384,0.7661070484258249
14017554,0.41993552665956047
11033355,0.9591317104821916
12020795,0.7661070484258249
12020411,0.42679743720842095
13026034,1.0528130877697381
11008124,0.7500989395360139
13012923,0.7679918025128561
13011173,0.6976486188484782
13027512,0.6884314894763173
13027506,0.38119789669156207
14039546,0.8443989907555534
12008819,0.9858652619510201
12019453,1.1470579574178064
13036529,0.49165351838160937
12024401,1.0316981785505515
12005807,0.5847026296305929
11050874,0.40746873068239964
12025366,0.7079167495286679
13009874,1.0332156029115942
11045172,0.49915510367340205
13019733,0.7791677478122051
13032167,1.0200199107894348
13005291,1.2666287170530166
14024236,0.7661070484258249
12023720,0.3533336639357073
13017070,1.1994796213635008
13041788,0.6307400869329112
13004618,0.8232662479174289
11033821,0.4079672011371247
14017734,1.2131543204602324
13058149,0.40513999862898786
13064585,0.359492152912109
